,Organization Name,Form of Organization,Registration date,Registration Status,Organization status,Certificate Issuance date,Certificate Expiry date,Certificate Reference No.
0,TRUEWORKS HARDWARE CORPORATION,Corporation,19-Jun-2017,Platinum,Active,18-Mar-2020,18-Mar-2021,201706156011946086513
1,SVB TIRE AND CAR ACCESSORIES,Single Proprietorship,21-Nov-2016,Platinum,Active,18-Mar-2020,18-Mar-2021,2016111926101813960091
2,LINK IT SOLUTIONS & DIGITAL PRINTING,Single Proprietorship,15-Apr-2015,Platinum,Active,18-Mar-2020,21-Mar-2021,201504133003113669156
3,A.R.V. CONSTRUCTION & SUPPLIES,Single Proprietorship,21-Feb-2005,Platinum,Active,18-Mar-2020,18-Mar-2021,20050266071140219045
4,PILANG 28 CONSTRUCTION INCORPORATED,Corporation,20-Jan-2020,Platinum,Active,07-May-2020,07-May-2021,2020011879346555263
5,IWATA KEN HEAVY EQUIPMENT PARTS AND HARDWARE,Single Proprietorship,09-Dec-2008,Platinum,Active,30-Mar-2020,30-Mar-2021,2008122379263414533
6,REASONS CONTRUCTION & SUPPLIES,Single Proprietorship,13-Nov-2007,Platinum,Active,03-Feb-2020,03-Feb-2021,202007212466769268013
7,DIONIE MEDICAL SUPPLIES,Single Proprietorship,20-Jan-2020,Platinum,Active,31-Jan-2020,31-Jan-2021,2020052124291370807249
8,RMB AGRO CHEMICALS TRADING CORPORATION,Corporation,11-Jun-2019,Platinum,Active,29-Jan-2020,29-Jan-2021,2020072123862020985316
9,CRISNARD CONSTRUCTION & SUPPLY,Single Proprietorship,29-Nov-2007,Platinum,Active,31-Jan-2020,31-Jan-2021,202007212382294168573
10,RKEA BUILDERS & SUPPLY,Single Proprietorship,01-Feb-2012,Platinum,Active,03-Feb-2020,03-Feb-2021,202008212262147917627
11,TAURUS ARMAS S.A.,Foreign Company Organization,19-Jun-2018,Platinum,Active,04-Feb-2020,04-Feb-2021,202008212261330216760
12,"ROYAL TG SECURITY AGENCY, INC.",Corporation,23-Jan-2008,Platinum,Active,31-Jan-2020,31-Jan-2021,2020052122101590702249
13,INFOADVANCE INC.,Corporation,22-Nov-2014,Platinum,Active,31-Jan-2020,31-Jan-2021,2020082121481974428121
14,ADAMS EGG HATCHERY GAMEFOWLS &AMP; POULTRY ENTERPRISES,Single Proprietorship,03-Dec-2018,Platinum,Active,04-Feb-2020,04-Feb-2021,2020062121131027824021
15,PINNACLES STRUCTURAL WORKS AND CONSTRUCTION SUPPLIES,Single Proprietorship,13-Mar-2018,Platinum,Active,31-Jan-2020,31-Jan-2021,202007212112921741221
16,R-PITOGO BUILDERS,Single Proprietorship,29-Oct-2018,Platinum,Active,31-Jan-2020,31-Jan-2021,2020062120871180114715
17,AOL TRAVEL & TOURS,Single Proprietorship,08-Mar-2016,Platinum,Active,24-Mar-2020,02-Apr-2021,201603164483635716991
18,HEXAGRAM BUILDERS,Single Proprietorship,27-Jan-2010,Platinum,Active,18-Mar-2020,18-Mar-2021,20100131594977973595
19,SPEED WRENCH MOTOR WORKS,Single Proprietorship,12-Aug-2016,Platinum,Active,29-Jul-2020,29-Jul-2021,201608181174631216113
20,TCCR TRADING,Single Proprietorship,20-Oct-2015,Platinum,Active,23-Mar-2020,23-Mar-2021,2015101517931050077692
21,JOSEPH PEST CONTROL,Single Proprietorship,24-Jan-2018,Platinum,Active,26-May-2020,26-May-2021,201801118692672411460
22,ROMARC ENTERPRISES,Single Proprietorship,09-Mar-2004,Platinum,Active,01-Apr-2020,01-Apr-2021,2004033369461381035
23,IRONFORGE CONSTRUCTION AND SUPPLY,Single Proprietorship,08-Mar-2013,Platinum,Active,29-Jun-2020,29-Jun-2021,201303677761886275732
24,SANDBANK CONSTRUCTION AND DEVELOPMENT,Single Proprietorship,29-Jul-2016,Platinum,Active,19-Mar-2020,19-Mar-2021,2016071793321677694253
25,W.S.FAGCANGAN CONSTRUCTION MANAGEMENT SERVICES,Single Proprietorship,20-Jun-2019,Platinum,Active,23-Jun-2020,23-Jun-2021,201906372521276953143
26,APLAYA VIDA BEACH RESORT,Single Proprietorship,19-Jan-2016,Platinum,Active,17-Mar-2020,17-Mar-2021,201601158990228385271
27,HLOO ECOLODGE,Single Proprietorship,09-Sep-2016,Platinum,Active,23-Mar-2020,23-Mar-2021,2016091846831210559112
28,PIXZEL ENTERPRISES,Single Proprietorship,23-Jan-2017,Platinum,Active,07-May-2020,07-May-2021,201701184582770835845
29,DAVAO CITY FREE FARMERS COOPERATIVE,Cooperative,11-Jun-2015,Platinum,Active,24-Mar-2020,24-Mar-2021,2015061383361915725999
30,NATURE'S GIFT WELLNESS PRODUCTS CORP,Corporation,14-Dec-2016,Platinum,Active,20-May-2020,20-May-2021,2016121899741693946170
31,HARDWARE INNOVATION ENTERPRISE,Single Proprietorship,22-Jul-2014,Platinum,Active,23-Mar-2020,23-Mar-2021,201407108691899373050
32,R.T. DIWA CONSTRUCTION AND GENERAL MERCHANDISE,Single Proprietorship,16-Sep-2009,Platinum,Active,10-Jun-2020,10-Jun-2021,200909286221035330570
33,CMRU GENERAL MERCHANDISE,Single Proprietorship,07-Feb-2019,Platinum,Active,19-Mar-2020,19-Mar-2021,201902564311772322228
34,MILCEN HARDWARE & CONSTRUCTION SUPPLY,Single Proprietorship,15-Sep-2017,Platinum,Active,26-Mar-2020,26-Mar-2021,201709139519967188733
35,E.R. PRIME MAINTENANCE SERVICES INC.,Corporation,09-Mar-2020,Platinum,Active,06-Apr-2020,06-Apr-2021,2020032140161996992708
36,NIIGATA TRUCK SALES CORPORATION,Corporation,05-Mar-2013,Platinum,Active,19-Mar-2020,11-Apr-2021,201303673671437480923
37,CRETOP GEODETIC ENGINEERING SERVICES,Single Proprietorship,09-Jul-2019,Platinum,Active,07-Aug-2020,07-Aug-2021,201907339522121565931
38,MAYON TIMES_THE,Single Proprietorship,09-Mar-2020,Platinum,Active,29-Jun-2020,29-Jun-2021,2020032141241210099238
39,TNB BUILDERS,Single Proprietorship,16-Sep-2004,Platinum,Active,20-May-2020,20-May-2021,2004095166781685774
40,"HEALTH LINE MEDICAL DISTRIBUTIONS, INC",Corporation,02-Mar-2007,Platinum,Active,18-Mar-2020,23-Mar-2021,20070312959742272698
41,"RAJ PLANS, DESIGNS AND CONSULTANCY",Single Proprietorship,22-Jun-2017,Platinum,Active,18-Mar-2020,18-Mar-2021,2017061555491109876096
42,JT COMMERCIAL,Single Proprietorship,08-Oct-2019,Platinum,Active,18-Mar-2020,18-Mar-2021,20191016774264337906
43,"AVESCOR MOTORS OF BACOLOD, INC.",Corporation,22-Jun-2009,Platinum,Active,18-Mar-2020,18-Mar-2021,20090679237346558123
44,RASA SURVEYING INSTRUMENTS,Single Proprietorship,26-Apr-2011,Platinum,Active,18-Mar-2020,10-Apr-2021,20110440655431443450
45,FIRST COMMONWEALTH HOTEL CORPORATION,Corporation,05-Aug-2014,Platinum,Active,05-May-2020,14-May-2021,2014081099521934975933
46,ISLAND AIR PRODUCTS CORP. - PASIG BRANCH,Corporation,04-Sep-2015,Platinum,Active,05-Jun-2020,05-Jun-2021,201509147362210958827
47,AMMAR CONSTRUCTION AND ENTERPRISES,Single Proprietorship,08-Sep-2011,Platinum,Active,27-Apr-2020,27-Apr-2021,201109438531054338239
48,MANTILLA-ROJA ACCOUNTING FIRM,Single Proprietorship,17-Jun-2017,Platinum,Active,16-Jun-2020,16-Jun-2021,201706156402644928134
49,ALBERCAS INTERIOR ENTERPRISE,Single Proprietorship,29-Aug-2008,Platinum,Active,19-Mar-2020,19-Mar-2021,200808221911396944353
50,"AVESCOR MOTORS, INC.",Corporation,13-Dec-2007,Platinum,Active,23-Mar-2020,23-Mar-2021,20071217977390670643
51,3JS NURSERY AND TISSUE LABORATORY,Single Proprietorship,18-Oct-2016,Platinum,Active,23-Mar-2020,13-Apr-2021,2016101890001244825084
52,WORLDWIDE BUILDERS,Single Proprietorship,26-Jan-2006,Platinum,Active,26-Mar-2020,11-Apr-2021,2006019284592158122
53,GREENGEN INC,Corporation,26-Nov-2016,Platinum,Active,05-Jun-2020,05-Jun-2021,2016111915811584503704
54,GRUNDSTEIN CONSTRUCTION AND DEVELOPMENT CORPORATION,Corporation,15-Mar-2018,Platinum,Active,17-Jul-2020,17-Jul-2021,2018031094921302795564
55,GENVIEBON TRADING,Single Proprietorship,03-Mar-2015,Platinum,Active,18-Mar-2020,21-Mar-2021,201503128512940440159
56,DARBS CORPORATION,Corporation,01-Apr-2016,Platinum,Active,18-Mar-2020,23-Mar-2021,201604167350679454747
57,PALACE COMPUTER ENTERPRISES,Single Proprietorship,11-Nov-2005,Platinum,Active,18-Mar-2020,18-Mar-2021,20051187471997486846
58,722 CONSTRUCTION INC.,Corporation,24-May-2006,Platinum,Active,18-Mar-2020,26-Mar-2021,200605102281906862362
59,RISEMAX KONSTRUKTION ENTERPRISES,Single Proprietorship,04-Nov-2018,Platinum,Active,25-Jun-2020,25-Jun-2021,201811701572087615818
60,CM VARGAS ENTERPRISE,Single Proprietorship,28-Oct-2015,Platinum,Active,19-Mar-2020,19-Mar-2021,2015101526571061601670
61,RICHMART ENTERPRISES,Single Proprietorship,26-Jan-2012,Platinum,Active,18-Mar-2020,09-Apr-2021,201201475781568177552
62,JMS GENERAL MERCHANDISE,Single Proprietorship,04-Sep-2009,Platinum,Active,18-Mar-2020,18-Mar-2021,20090928456334755250
63,SOUTHERN AUTOMART AND TRADING CORP.,Corporation,09-Feb-2011,Platinum,Active,06-Jul-2020,06-Jul-2021,20110238459580663366
64,DAVOCOL'S INN,Single Proprietorship,24-Oct-2019,Platinum,Active,18-Mar-2020,18-Mar-2021,201910136291665676772
65,JOERY'S PHOTO AUDIO AND VIDEO SERVICES,Single Proprietorship,23-Sep-2015,Platinum,Active,18-Mar-2020,18-Mar-2021,201509149234809260148
66,EE CONSTRUCTION,Single Proprietorship,06-Dec-2018,Platinum,Active,18-Mar-2020,18-Mar-2021,201812640911791031623
67,KAINAN NI INAY JULITA,Single Proprietorship,21-Apr-2006,Platinum,Active,23-Mar-2020,23-Mar-2021,200604100001423020332
68,AISAGRACE GENERAL MERCHANDISE,Single Proprietorship,09-Nov-2017,Platinum,Active,06-Jul-2020,06-Jul-2021,2017111295051147759196
69,GENERAL SANTOS CITY KABUHIANAN ASSOCIATION,Corporation,22-Jun-2015,Platinum,Active,14-Jul-2020,14-Jul-2021,201506139264852967510
70,CABA RICE MILL,Single Proprietorship,14-Jan-2020,Platinum,Active,13-Apr-2020,13-Apr-2021,2020012671307438145
71,WINSFORT CONSTRUCTION AND DEVELOPMENT,Single Proprietorship,15-Dec-2017,Platinum,Active,05-Jun-2020,05-Jun-2021,2017121231271818407736
72,J. THREE CONSTRUCTION,Single Proprietorship,13-Jul-2015,Platinum,Active,05-Jun-2020,05-Jun-2021,201507141789670802728
73,BRIGHTKEY DEVELOPMENT & CONSTRUCTION,Single Proprietorship,29-Nov-2018,Platinum,Active,18-Mar-2020,18-Mar-2021,201811650901552265746
74,ECO GREEN GARDEN LANDSCAPING SERVICES,Single Proprietorship,04-Mar-2020,Platinum,Active,24-Mar-2020,24-Mar-2021,2020032135461005192584
75,TRANS-AURORA CONSTRUCTION,Single Proprietorship,14-Jun-2006,Platinum,Active,18-Mar-2020,18-Mar-2021,200606103641832789070
76,ALAY BALAY DEVELOPMENT CORPORATION,Corporation,10-Jul-2018,Platinum,Active,23-Mar-2020,23-Mar-2021,201807908601884710086
77,FIRST OIL GASOLINE STATION,Single Proprietorship,17-Mar-2017,Platinum,Active,18-Mar-2020,18-Mar-2021,201703172610256479342
78,JAMR BUILDERS,Single Proprietorship,02-Mar-2020,Platinum,Active,01-Jun-2020,01-Jun-2021,20200321320494395132
79,DARD'S HEAVY EQUIPMENTS PARTS AND SUPPLY,Single Proprietorship,10-Feb-2016,Platinum,Active,18-Mar-2020,11-Apr-2021,201602161546556395696
80,S-SO CORPORATION,Corporation,22-Nov-2012,Platinum,Active,26-Mar-2020,30-Apr-2021,20121162330983108282
81,DOUBLE V PETRON SERVICENTER,Single Proprietorship,15-Sep-2006,Platinum,Active,19-Mar-2020,03-Apr-2021,20060911137804989496
82,DAMILI MANPOWER SERVICES,Single Proprietorship,09-Jan-2013,Platinum,Active,21-May-2020,21-May-2021,201301639811989091696
83,EAH MEDICINE AND MEDICAL SUPPLIES MARKETING,Single Proprietorship,27-Mar-2019,Platinum,Active,19-Mar-2020,19-Mar-2021,20190348474327750685
84,JAZZ MINI MART,Single Proprietorship,03-Sep-2018,Platinum,Active,23-Mar-2020,23-Mar-2021,201809802261102706033
85,C & S EATERY,Single Proprietorship,20-Sep-2019,Platinum,Active,24-Mar-2020,24-Mar-2021,201909201851988031709
86,TITA J'S FOOD AND CATERING SERVICES,Single Proprietorship,24-Sep-2018,Platinum,Active,15-Jun-2020,15-Jun-2021,2018097671135726767
87,KRISAN RICEMILL,Single Proprietorship,20-Jan-2020,Platinum,Active,18-Mar-2020,18-Mar-2021,20200117961540338212
88,B.Y.A. BUILDERS & CONST. SUPPLY,Single Proprietorship,17-Apr-2006,Platinum,Active,19-Mar-2020,19-Mar-2021,20060499621332010423
89,B DOUBLE A GENERAL MERCHANDISE,Single Proprietorship,28-Aug-2017,Platinum,Active,19-Mar-2020,19-Mar-2021,201708143261362403299
90,ADFIL CORPORATION,Corporation,22-May-2007,Platinum,Active,18-Mar-2020,14-May-2021,20070513767585733596
91,MELLIL CONSTRUCTION AND SUPPLY,Single Proprietorship,07-Oct-2015,Platinum,Active,05-Jun-2020,05-Jun-2021,2015101506471876660169
92,ARMADA RESCUE AND SAFETY EQUIPMENT CORPORATION,Corporation,31-Mar-2011,Platinum,Active,18-Mar-2020,02-Apr-2021,201103401611534891436
93,SBDS MEDICAL SUPPLY AND EQUIPMENT,Single Proprietorship,16-Jan-2017,Platinum,Active,18-Mar-2020,18-Mar-2021,201701185581100852523
94,SUREMED MARKETING INCORPORATED,Corporation,01-Oct-2013,Platinum,Active,19-Mar-2020,19-Mar-2021,20131083689599378371
95,AMARDEX DRUGSTORE,Single Proprietorship,24-Sep-2015,Platinum,Active,19-Mar-2020,19-Mar-2021,201509149372266752813
96,NABEB'S GENERAL SUPPLY AND PRINTING SERVICES,Single Proprietorship,06-Mar-2020,Platinum,Active,10-Jun-2020,10-Jun-2021,2020032139091149591476
97,MDQR CONSTRUCTION & SUPPLY,Single Proprietorship,29-Jan-2007,Platinum,Active,18-Mar-2020,18-Mar-2021,200701124011591423464
98,ANGELJOE PHARMACY AND MEDICAL SUPPLIES,Single Proprietorship,13-Feb-2020,Platinum,Active,19-Mar-2020,19-Mar-2021,202002210600786444236
99,PROMOZIONE TRADING,Single Proprietorship,06-Jul-2016,Platinum,Active,18-Mar-2020,18-Mar-2021,2016071762161144122224
100,RJB CONSTRUCTION AND SUPPLY,Single Proprietorship,06-Dec-2016,Platinum,Active,24-Mar-2020,24-Mar-2021,2016121906461211352927
101,TESORO ENTERPRISES,Single Proprietorship,22-May-2012,Platinum,Active,25-Mar-2020,25-Mar-2021,20120553265915269458
102,PATHFINDER PHARMACY & DISTRIBUTOR,Single Proprietorship,10-Apr-2012,Platinum,Active,19-Mar-2020,19-Mar-2021,20120451434192556674
103,"L. MEYERF PHARMA, INC.",Corporation,08-Oct-2004,Platinum,Active,26-Mar-2020,04-Apr-2021,20041056501912072000
104,XAVII MARKETING,Single Proprietorship,11-Apr-2018,Platinum,Active,19-Mar-2020,19-Mar-2021,201804105030141529619
105,JRJ SOLUTION ENTERPRISES,Single Proprietorship,21-Nov-2014,Platinum,Active,19-Mar-2020,19-Mar-2021,201411120401921383892
106,IANITO 125 MERCHANDISING TRUCKING AND CONSTRUCTION SERVICES,Single Proprietorship,17-Nov-2016,Platinum,Active,29-Apr-2020,29-Apr-2021,201611193356678233360
107,B.P. AGRAVANTE TRANSPORT SERVICE,Single Proprietorship,23-May-2017,Platinum,Active,29-Apr-2020,29-Apr-2021,201705161272596857447
108,ABISTADO'S CATERING AND PARTY NEEDS,Single Proprietorship,29-Dec-2016,Platinum,Active,29-Apr-2020,29-Apr-2021,2016121881121252538535
109,HMMED ENTERPRISE,Single Proprietorship,07-Jul-2017,Platinum,Active,23-Mar-2020,23-Mar-2021,2017071528241558686689
110,PANDEK TRADING,Single Proprietorship,23-Feb-2016,Platinum,Active,27-Apr-2020,29-Apr-2021,201602162851195172747
111,PJA CONSTRUCTION,Single Proprietorship,29-Jul-2017,Platinum,Active,24-Mar-2020,24-Mar-2021,2017071486381013446382
112,PIBS TRADING AND CONSTRUCTION,Single Proprietorship,20-Jun-2007,Platinum,Active,19-Mar-2020,19-Mar-2021,20070614453217672124
113,TOMAHAWK BUILDERS AND GENERAL SERVICES,Single Proprietorship,22-Jun-2007,Platinum,Active,19-Mar-2020,19-Mar-2021,20070614550749829001
114,VIAREESE GENERAL MERCHANDISE,Single Proprietorship,28-Jul-2016,Platinum,Active,19-Mar-2020,25-Mar-2021,201607179296937690730
115,IPOINTEAST INC.,Corporation,04-Nov-2018,Platinum,Active,15-Jun-2020,15-Jun-2021,20181170098482459080
116,"FLOW HARMONIC COMMERCIAL, INC.",Corporation,10-Mar-2009,Platinum,Active,19-Mar-2020,19-Mar-2021,20090325314138615494
117,DANLUGAN FARMERS MULTI-PURPOSE COOPERATIVE,Cooperative,09-Oct-2014,Platinum,Active,23-Mar-2020,23-Mar-2021,201410116495941582687
118,VICERA PRIME DISTRIBUTORS CORP,Corporation,06-Feb-2017,Platinum,Active,23-Mar-2020,23-Mar-2021,2017021815841816900406
119,POPCOM MULTI-PURPOSE COOPERATIVE,Cooperative,04-Nov-2008,Platinum,Active,01-Jun-2020,01-Jun-2021,200811830721551754495
120,ST. BERNARDINE CONSTRUCTION & ENTERPRISES,Single Proprietorship,02-Aug-2004,Platinum,Active,23-Mar-2020,18-Apr-2021,2004084735192009863
121,KIDDIES BAKEHAUS,Single Proprietorship,28-Aug-2013,Platinum,Active,11-May-2020,11-May-2021,20130879921458611657
122,VAXILIFE CORP,Corporation,08-Jul-2013,Platinum,Active,23-Mar-2020,23-Mar-2021,2013077587247265371
123,PRECIOUS NATHAN MERCHANDISE,Single Proprietorship,10-May-2018,Platinum,Active,23-Mar-2020,23-Mar-2021,2018051005221423459264
124,GOLDEN PRICE TRADING,Single Proprietorship,20-May-2015,Platinum,Active,19-Mar-2020,25-Apr-2021,201505136260362348170
125,BT INDUSTRIES INCORPORATED,Corporation,29-Apr-2015,Platinum,Active,25-Mar-2020,25-Mar-2021,2015041343781114755489
126,PANABO CITY GOVERNMENT EMPLOYEES MULTI-PURPOSE COOPERATIVE,Cooperative,20-Feb-2004,Platinum,Active,23-Mar-2020,23-Mar-2021,2004023000480219814
127,BEAVANS DENTAL TRADING,Single Proprietorship,08-Jun-2014,Platinum,Active,23-Mar-2020,03-Apr-2021,2014061040961512794683
128,RDY CONSTRUCTOR,Single Proprietorship,01-Mar-2010,Platinum,Active,23-Mar-2020,23-Mar-2021,20100332439570644753
129,TABACO PORT CARGO CORPORATION,Corporation,22-Nov-2006,Platinum,Active,23-Mar-2020,23-Mar-2021,200611117751144338726
130,DAVAO IKKIN CAR CARE CENTER,Single Proprietorship,10-Sep-2018,Platinum,Active,27-May-2020,27-May-2021,201809789551038847227
131,CABLE HYDRO CONTROL MACHINING CENTER,Single Proprietorship,05-Oct-2012,Platinum,Active,07-Apr-2020,11-Apr-2021,20121059966477268786
132,OLIVER AQUINO CONSTRUCTION,Single Proprietorship,03-May-2013,Platinum,Active,23-Mar-2020,23-Mar-2021,201305711031324981916
133,JAI BUILDERS AND SUPPLY,Single Proprietorship,20-Aug-2015,Platinum,Active,23-Mar-2020,24-Apr-2021,20150814597459090054
134,JCU ENTERPRISES & GENERAL MERCHANDISE,Single Proprietorship,02-Sep-2014,Platinum,Active,19-Mar-2020,19-Mar-2021,2014091127481085325465
135,CVK STORE,Single Proprietorship,01-Mar-2013,Platinum,Active,30-Mar-2020,04-Apr-2021,201303671981891864550
136,"MULTI-ELECTRIC SYSTEMS, INC.",Corporation,05-Jul-2004,Platinum,Active,23-Mar-2020,23-Mar-2021,2004074349200017610
137,SHELTON PHILS AUTO PARTS,Single Proprietorship,10-Apr-2006,Platinum,Active,23-Mar-2020,09-May-2021,20060499361276893585
138,SOFIA PLUS TRADING,Single Proprietorship,06-Feb-2019,Platinum,Active,23-Mar-2020,23-Mar-2021,201902567031912589645
139,SOFIA PLUS MEDICAL SUPPLIES TRADING,Single Proprietorship,24-Jan-2019,Platinum,Active,06-Apr-2020,06-Apr-2021,20190158621939659843
140,OUR LADY OF THE ANGELS MULTI-PURPOSE COOPERATIVE,Cooperative,07-Sep-2012,Platinum,Active,24-Mar-2020,24-Mar-2021,201209586101651344888
141,GREEN OPTIONS TRADING INC.,Corporation,17-Feb-2020,Platinum,Active,23-Mar-2020,23-Mar-2021,2020022109171125573156
142,G.D. ABAD GENERAL MERCHANDISE,Single Proprietorship,11-Mar-2015,Platinum,Active,30-Mar-2020,30-Mar-2021,201503129628650314681
143,JOMASAN CONSTRUCTION AND SUPPLY,Single Proprietorship,26-Apr-2012,Platinum,Active,30-Mar-2020,18-Apr-2021,201204521911211995646
144,NEILAN ELECTROMECH SERVICES,Single Proprietorship,15-Oct-2010,Platinum,Active,23-Mar-2020,23-Mar-2021,20101036427177934749
145,SCIENTIFIC PRODUCT COMPANY,Partnership,28-Mar-2005,Platinum,Active,23-Mar-2020,31-Mar-2021,20050369511456036994
146,RAISER MANPOWER & ALLIED SERVICES,Single Proprietorship,29-Jan-2010,Platinum,Active,23-Mar-2020,03-Apr-2021,20100131669721664304
147,URBANCON BUILDERS & SUPPLY,Single Proprietorship,10-Nov-2015,Platinum,Active,18-May-2020,18-May-2021,20151115355481038600
148,MARANDING AUTO PARTS,Single Proprietorship,29-Jan-2013,Platinum,Active,23-Mar-2020,23-Mar-2021,201301650411160678945
149,LUIZ BUILDERS,Single Proprietorship,15-Sep-2017,Platinum,Active,23-Mar-2020,23-Mar-2021,2017091395531481638436
150,DANPHIL POWER TRADING AND ENGINEERING SERVICES,Single Proprietorship,22-Feb-2018,Platinum,Active,29-Jun-2020,29-Jun-2021,2018021135151203821299
151,LEO HEIRS CONSTRUCTION,Single Proprietorship,25-Nov-2013,Platinum,Active,23-Mar-2020,23-Mar-2021,201311879151590585324
152,UNICO HIJO CATERING SERVICES,Single Proprietorship,22-Oct-2016,Platinum,Active,09-Jun-2020,09-Jun-2021,2016101900251211997324
153,ABIB BUILDERS ENTERPRISE,Single Proprietorship,03-Dec-2018,Platinum,Active,23-Mar-2020,27-Mar-2021,20181264735558434703
154,A.M. AYUNAN CONSTRUCTION,Single Proprietorship,21-Dec-2007,Platinum,Active,24-Mar-2020,24-Mar-2021,20071218051629448157
155,EDSAL CONST. AND SUPPLY INC.,Corporation,05-Feb-2020,Platinum,Active,23-Mar-2020,23-Mar-2021,2020022096511773685114
156,TABACO SANTIAGO TRADING INCORPORATED,Corporation,13-Jan-2015,Platinum,Active,23-Mar-2020,23-Mar-2021,2015011237891578491556
157,CONCORD METALS INC.,Corporation,23-Jun-2006,Platinum,Active,30-Mar-2020,30-Mar-2021,200606104231514227236
158,"GULAYAN, ANIHAN AT SAKAHAN SA KAUNLARAN MULTI PURPOSECOOPERATIVE",Cooperative,13-Mar-2012,Platinum,Active,23-Mar-2020,23-Mar-2021,201203501631002844571
159,RVP CONSTRUCTION & SUPPLY,Single Proprietorship,29-Jan-2013,Platinum,Active,23-Mar-2020,23-Mar-2021,201301649552085978499
160,TRACCOR BUILDERS,Single Proprietorship,14-Feb-2006,Platinum,Active,23-Mar-2020,05-Apr-2021,20060294431477954846
161,EAST TRADER CONSTRUCTION & SUPPLY,Single Proprietorship,04-Feb-2011,Platinum,Active,23-Mar-2020,23-Mar-2021,20110238296174135344
162,CHQ TRADING,Single Proprietorship,15-Jan-2020,Platinum,Active,23-Mar-2020,23-Mar-2021,2020012495612883536
163,"FORECASTING AND PLANNING TECHNOLOGIES, INC.",Corporation,25-Jan-2018,Platinum,Active,01-Jun-2020,01-Jun-2021,201801118273383594140
164,STERIPLUS CORPORATION,Corporation,22-Dec-2015,Platinum,Active,23-Mar-2020,26-Mar-2021,2015121572811858708174
165,SHOPKO MARKETING CORP.,Corporation,22-Jul-2011,Platinum,Active,11-Jun-2020,11-Jun-2021,201107426491043891100
166,TREZ ENTERPRISES,Single Proprietorship,04-Jun-2015,Platinum,Active,25-Mar-2020,25-Mar-2021,2015061377031346936128
167,M AND T CONSTRUCTION,Single Proprietorship,17-Mar-2020,Platinum,Active,30-Mar-2020,30-Mar-2021,2020032146611004079957
168,SANICO FABRICATION AND MACHINERIES,Single Proprietorship,02-Mar-2015,Platinum,Active,23-Mar-2020,23-Mar-2021,2015031284231453764151
169,CAYMAN CATERING SERVICES,Single Proprietorship,23-Mar-2012,Platinum,Active,30-Apr-2020,30-Apr-2021,201203508841910951988
170,EMPRESSCY GENERAL MERCHANDISE,Single Proprietorship,22-May-2017,Platinum,Active,25-Mar-2020,02-Apr-2021,2017051615611529136899
171,ACJ CONSTRUCTION RESOURCES,Single Proprietorship,25-Jun-2007,Platinum,Active,23-Mar-2020,23-Mar-2021,2007061462321540226
172,JP GROUP OF COMPANIES INCORPORATED,Corporation,04-Dec-2014,Platinum,Active,09-Jun-2020,09-Jun-2021,2014121216111123804414
173,JEMA MULTI TRADING INCORPORATED,Corporation,13-Oct-2006,Platinum,Active,23-Mar-2020,23-Mar-2021,20061016717864075251
174,ALNRAY ENTERPRISES,Single Proprietorship,03-Jul-2009,Platinum,Active,24-Mar-2020,24-Apr-2021,20090727492190260535
175,PHOTOPRO TRADING AND GENERAL MERCHANDISE CO.,Partnership,18-May-2009,Platinum,Active,25-Mar-2020,31-Mar-2021,20090526602353154796
176,2ND SURIGAO DEL NORTE ENG'G DISTRICT MP COOP,Cooperative,16-Mar-2018,Platinum,Active,23-Mar-2020,27-Mar-2021,201803108752378299442
177,REKINA CONSTRUCTION SERVICES,Single Proprietorship,17-Mar-2020,Platinum,Active,24-Mar-2020,24-Mar-2021,2020032145461565505088
178,R.M. DENTAL LABORATORY AND SUPPLY,Single Proprietorship,02-Jun-2015,Platinum,Active,23-Mar-2020,23-Mar-2021,2015061375291297699211
179,NORSATEK ENGINEERING & CONSTRUCTION SUPPLY,Single Proprietorship,20-Dec-2007,Platinum,Active,25-Mar-2020,25-Mar-2021,200712180421213495369
180,CANLAON BUILDERS AND DEVELOPMENT CORPORATION,Corporation,23-Aug-2012,Platinum,Active,26-Mar-2020,26-Mar-2021,201208578111405775688
181,AGDUMA GENERAL MERCHANDISE,Single Proprietorship,25-May-2015,Platinum,Active,24-Mar-2020,24-Mar-2021,201505136738164239182
182,PDC ENTERPRISES,Single Proprietorship,27-Feb-2014,Platinum,Active,24-Mar-2020,24-Mar-2021,201402951321232741063
183,SKYSPY BUILDERS,Cooperative,07-Apr-2016,Platinum,Active,04-May-2020,04-May-2021,201604167933716798565
184,ZHI VENUS INDUSTRIAL SUPPLY,Single Proprietorship,20-Jun-2012,Platinum,Active,14-Aug-2020,14-Aug-2021,20120654642388085567
185,E & M TRADING,Single Proprietorship,26-Jan-2005,Platinum,Active,30-Mar-2020,30-Mar-2021,20050162271720823503
186,MBC FOOD SERVICE,Single Proprietorship,29-May-2018,Platinum,Active,26-Mar-2020,26-Mar-2021,201805972822084830148
187,RED TI ADVERTISING,Single Proprietorship,19-Apr-2018,Platinum,Active,23-Mar-2020,23-Mar-2021,201804103533599333267
188,"KABABAYEN AN SA OPON NGA NAGKAHIUSA ALANG SA KALAMBOAN(KONKA), INC.",Cooperative,20-Mar-2012,Platinum,Active,07-Apr-2020,07-Apr-2021,20120350589533149180
189,MUTIARA ENTERPRISES,Single Proprietorship,16-Oct-2013,Platinum,Active,26-Mar-2020,22-Apr-2021,201310850281221533943
190,IZZO INDUSTRIAL SUPPLY,Single Proprietorship,23-Oct-2014,Platinum,Active,20-Apr-2020,20-Apr-2021,201410118081161992288
191,CHROMAR UNI-TRADE,Single Proprietorship,28-Jul-2008,Platinum,Active,23-Mar-2020,19-Apr-2021,200807217081946499619
192,NIKKA'S FRIED CHICKEN AND CATERING SERVICES,Single Proprietorship,25-Jan-2018,Platinum,Active,25-Mar-2020,25-Mar-2021,201801118095781433237
193,NIKKA'S GENERAL MERCHANDISE,Single Proprietorship,06-Jun-2019,Platinum,Active,25-Mar-2020,25-Mar-2021,201906396401347527309
194,VINZ SECURITY AND INVESTIGATION AGENCY,Single Proprietorship,14-Jul-2017,Platinum,Active,23-Mar-2020,23-Mar-2021,2017071510221747772344
195,PETER JOHN ENTERPRISES,Single Proprietorship,11-Oct-2012,Platinum,Active,23-Mar-2020,23-Mar-2021,201210603591055096898
196,STANDSTILL SECURITY AGENCY,Single Proprietorship,20-Jan-2011,Platinum,Active,22-Jun-2020,22-Jun-2021,201101378231407216889
197,KC&C MANUFACTURING AND MARKETING INDUSTRIES,Single Proprietorship,21-Oct-2004,Platinum,Active,23-Mar-2020,23-Mar-2021,20041054741689963301
198,HAZRAT CONSTRUCTION BUILDERS,Single Proprietorship,17-Mar-2020,Platinum,Active,23-Mar-2020,23-Mar-2021,202003214687366482076
199,ESTEROLAND FOOD AND CATERING SERVICES,Single Proprietorship,15-Mar-2020,Platinum,Active,23-Mar-2020,23-Mar-2021,2020032143801924945944
200,CENTER FOR RESEARCH AND COMMUNICATION FOUNDATION INC.,Corporation,23-Jun-2016,Platinum,Active,31-Mar-2020,26-Apr-2021,2016061752531430589615
201,"SMMT-TIM 2016, INC",Corporation,25-Mar-2017,Platinum,Active,07-May-2020,07-May-2021,2017031711391951336569
202,TYMORAUD ENGINEERING,Single Proprietorship,26-Feb-2015,Platinum,Active,08-Jun-2020,08-Jun-2021,2015021279991143835846
203,MEDCO TECHNICAL SERVICES AND ELECTRICAL SUPPLY CORPORATION,Corporation,11-Dec-2014,Platinum,Active,26-Mar-2020,26-Mar-2021,201412122364203031017
204,MAX BOAT MANUFACTURER AND REPAIR SERVICE,Single Proprietorship,13-Dec-2010,Platinum,Active,28-Apr-2020,28-Apr-2021,201012372921647481477
205,JM-MYEL CONSTRUCTION & SUPPLY,Single Proprietorship,12-Oct-2018,Platinum,Active,02-Apr-2020,10-Apr-2021,2018107322786685067
206,SNRB TRADING,Single Proprietorship,17-Apr-2018,Platinum,Active,24-Mar-2020,03-May-2021,201804104212912509027
207,B.S.R. ENTERPRISES,Single Proprietorship,21-Jul-2015,Platinum,Active,24-Mar-2020,03-May-2021,2015071426031823045169
208,L BROS CONSTRUCTION AND SUPPLY,Single Proprietorship,13-Feb-2014,Platinum,Active,30-Mar-2020,30-Mar-2021,20140293558458640221
209,"REBMANN, INCORPORATED",Corporation,02-Aug-2001,Platinum,Active,26-Mar-2020,28-Mar-2021,2001081191557716782
210,AGRO INDUSTRIYA TRADING,Single Proprietorship,29-May-2015,Platinum,Active,07-Apr-2020,07-Apr-2021,2015051373071697474365
211,"MODERN AIR CONDITIONING CONTRACTOR, INC.",Corporation,17-May-2006,Platinum,Active,30-Mar-2020,19-Apr-2021,20060510183151330328
212,GATEWAY 21-25 CONSTRUCTION CORPORATION,Corporation,14-Mar-2012,Platinum,Active,24-Mar-2020,28-Mar-2021,201203502041553405689
213,BLAZE SALES & SERVICES,Single Proprietorship,01-Feb-2012,Platinum,Active,30-Mar-2020,30-Mar-2021,20120247872933994834
214,CEDE GENERAL MERCHANDISE,Single Proprietorship,25-Jul-2013,Platinum,Active,24-Mar-2020,24-Mar-2021,20130777637233008463
215,SV BLUE SKY PHARMA,Single Proprietorship,16-Jan-2012,Platinum,Active,24-Mar-2020,24-Mar-2021,201201469601193383011
216,"CTEC TRADING & CONSTRUCTION, INC.",Corporation,09-Feb-2005,Platinum,Active,25-Mar-2020,24-Apr-2021,20050264401608865942
217,DARLENE GENERAL MERCHANDISE,Single Proprietorship,15-Mar-2020,Platinum,Active,25-Mar-2020,25-Mar-2021,2020032143441130341235
218,ACELOGIC COMPUTER SOLUTIONS,Single Proprietorship,07-Aug-2007,Platinum,Active,30-Mar-2020,30-Mar-2021,200708156811979490862
219,JEMPS EATERY AND CATERING,Single Proprietorship,29-Aug-2014,Platinum,Active,11-May-2020,11-May-2021,2014081125181694948791
220,JSY CONSTRUCTION,Single Proprietorship,30-Jun-2008,Platinum,Active,30-Mar-2020,30-Mar-2021,200806377761094450046
221,E. P. DE GUZMAN HARDWARE & GENERAL MERCHANDISE,Single Proprietorship,22-Jan-2008,Platinum,Active,26-Mar-2020,26-Mar-2021,200801183341110115651
222,HARDLINE BUILDERS AND SALES,Single Proprietorship,14-Oct-2009,Platinum,Active,25-Mar-2020,27-Mar-2021,20091029022638811706
223,JOED MERCHANDISED,Single Proprietorship,10-Feb-2009,Platinum,Active,25-Mar-2020,24-Apr-2021,200902246591271393796
224,EC AI-MEE-KI STORE,Single Proprietorship,29-Oct-2013,Platinum,Active,16-Apr-2020,16-Apr-2021,201310858721933083835
225,A.M. TABAYAG BUILDERS,Single Proprietorship,29-Oct-2009,Platinum,Active,26-Mar-2020,01-Apr-2021,20091029312513257380
226,CMJ HARDWARE & CONSTRUCTION SUPPLIES,Single Proprietorship,30-Sep-2019,Platinum,Active,08-Apr-2020,08-Apr-2021,201909186131424064752
227,IKF HOME FURNISHING & OFFICE FURNITURE,Single Proprietorship,25-Sep-2006,Platinum,Active,30-Mar-2020,30-Mar-2021,200609112451709770316
228,XY BUILDERS,Single Proprietorship,14-Oct-2013,Platinum,Active,26-Mar-2020,10-Apr-2021,20131084844712389215
229,SQUARE ONE BUILDERS,Single Proprietorship,25-Jan-2016,Platinum,Active,26-Mar-2020,13-Apr-2021,201601159638757583513
230,GRANSOL TRADING COMPANY INC.,Corporation,22-Mar-2004,Platinum,Active,30-Jul-2020,30-Jul-2021,20040335381641100428
231,LKS PHARMACY,Single Proprietorship,09-Mar-2015,Platinum,Active,26-Mar-2020,26-Mar-2021,2015031292331317443704
232,SMARTMATIC-TIM CORPORATION,Corporation,09-Aug-2012,Platinum,Active,07-May-2020,07-May-2021,201208572591315814387
233,VG & GE TRADING DIAGNOSTIC INC.,Corporation,07-Dec-2004,Platinum,Active,08-Apr-2020,08-Apr-2021,2004125837743218203
234,AGULLO'S CATERING SERVICES,Single Proprietorship,04-May-2015,Platinum,Active,30-Mar-2020,30-Mar-2021,2015051346771994602851
235,TAGO FAAR TRADING,Single Proprietorship,25-Feb-2017,Platinum,Active,26-Mar-2020,26-Mar-2021,2017021771181064674607
236,LIN CONSTRUCTION,Single Proprietorship,25-Jul-2013,Platinum,Active,26-Mar-2020,26-Mar-2021,201307777801315768230
237,RJJJ ENGINEERING SERVICES,Single Proprietorship,04-Apr-2016,Platinum,Active,25-Mar-2020,09-May-2021,2016041675741203536563
238,MKRJ MARKETING,Single Proprietorship,05-Apr-2016,Platinum,Active,25-Mar-2020,03-Apr-2021,201604167644634635456
239,PAGADIAN TIMES,Single Proprietorship,19-Jan-2012,Platinum,Active,24-Mar-2020,24-Mar-2021,20120147236725943020
240,"M.M. U-CHEM INDUSTRIES, INCORPORATED",Corporation,15-Sep-2006,Platinum,Active,18-May-2020,18-May-2021,200609111661790374143
241,ST. BEDE'S MERCHANDISING,Single Proprietorship,13-Jun-2011,Platinum,Active,26-Mar-2020,01-Apr-2021,20110641678608798029
242,JAPHET GENERAL MERCHANDISE,Single Proprietorship,04-Apr-2019,Platinum,Active,02-Apr-2020,02-Apr-2021,20190447247222810604
243,KS AGAD CONSTRUCTION,Single Proprietorship,28-Sep-2016,Platinum,Active,30-Mar-2020,30-Mar-2021,201609186882971796789
244,JAEJR ELECTRICAL CONSTRUCTION SUPPLY,Single Proprietorship,27-Apr-2015,Platinum,Active,01-Apr-2020,28-Apr-2021,201504134109807236993
245,"PHARMANORTH, INC",Corporation,16-Mar-2011,Platinum,Active,26-Mar-2020,26-Mar-2021,201103395481224844916
246,S.R. DOMINGO SURVEYING,Single Proprietorship,12-May-2018,Platinum,Active,26-Mar-2020,26-Mar-2021,201805998281186542401
247,ST. RUIZ AGRO FARM SUPPLY & GEN. MERCHANDISE,Single Proprietorship,03-Aug-2006,Platinum,Active,26-Mar-2020,24-Apr-2021,20060810756372687954
248,NESSOP CIVIL ENGINEERING CONSTRUCTION,Single Proprietorship,17-Jan-2020,Platinum,Active,30-Mar-2020,30-Mar-2021,20200121501549069710
249,LEE EDUCATIONAL SUPPLY AND GENERAL MERCHANDISE,Single Proprietorship,15-Nov-2016,Platinum,Active,26-Mar-2020,26-Mar-2021,201611192639208295979
250,TACLOBAN SAM'S TRADING,Single Proprietorship,02-Aug-2002,Platinum,Active,26-Mar-2020,26-Mar-2021,200208922864636340
251,MPA PHARMACARE,Single Proprietorship,25-Mar-2010,Platinum,Active,26-Mar-2020,23-May-2021,201003330501462292966
252,PIN APPLE MINI MART,Single Proprietorship,24-Apr-2015,Platinum,Active,26-Mar-2020,26-Mar-2021,201504133927179055018
253,MAKATI DEVELOPMENT CORPORATION,Corporation,17-Nov-2003,Platinum,Active,01-Apr-2020,01-Apr-2021,20031138282317869830
254,AY ENGINEERING & CONSTRUCTION,Single Proprietorship,11-Feb-2019,Platinum,Active,25-Mar-2020,25-Mar-2021,201902556591355970105
255,LONGHAPROS MARKETING AND ENGINEERING WORKS,Single Proprietorship,11-Feb-2008,Platinum,Active,26-Mar-2020,26-Mar-2021,200802187671477139863
256,LECEL PRINTERS,Single Proprietorship,30-Mar-2012,Platinum,Active,27-May-2020,27-May-2021,20120351220873355897
257,A.S.T BUILDERS,Single Proprietorship,16-Dec-2009,Platinum,Active,26-Mar-2020,24-Apr-2021,2009123013241720750
258,CEBU LEGACY MARKETING CORPORATION,Corporation,30-Jan-2012,Platinum,Active,25-Mar-2020,25-Mar-2021,201201476542102463494
259,GESPI INDUSTRIA E COMERCIO DE EQUIPAMENTOS AERONAUTICOS S.A.,Foreign Company Organization,01-Apr-2018,Platinum,Active,30-Mar-2020,19-Apr-2021,201804107072886375695
260,1ST INASAL UNIVERSITY CORP.,Corporation,08-Nov-2017,Platinum,Active,26-Mar-2020,26-Mar-2021,201711129800510906806
261,LUZON MEDICAL SYSTEM,Single Proprietorship,23-Sep-2011,Platinum,Active,27-Apr-2020,17-May-2021,201109442251636484488
262,KP CONSTRUCTION SUPPLIES,Single Proprietorship,28-Jan-2019,Platinum,Active,26-Mar-2020,26-Mar-2021,201901579072087991062
263,NACMAR AUTO PARTS & GENERAL MERCHANDISE,Single Proprietorship,10-May-2012,Platinum,Active,26-Mar-2020,26-Mar-2021,201205527341746290289
264,IGNACIO-REBECCA GENERAL MERCHANT,Single Proprietorship,26-Apr-2012,Platinum,Active,26-Mar-2020,28-Mar-2021,20120452244822221066
265,1AVC PRINTING INC.,Corporation,07-Jul-2015,Platinum,Active,18-May-2020,18-May-2021,2015071410781899115471
266,"PRIME RECALL ADVERTISING AND SERVICES, INC.",Corporation,31-May-2011,Platinum,Active,26-Mar-2020,28-Mar-2021,201105414341599268133
267,"EQUICOM, INC.",Corporation,11-Nov-2009,Platinum,Active,26-Mar-2020,26-Mar-2021,20091129572517915509
268,JIZAN BUILDERS,Single Proprietorship,06-Sep-2013,Platinum,Active,30-Mar-2020,17-Apr-2021,201309812541540226105
269,NIU.COM COMPUTER SHOP,Single Proprietorship,13-Mar-2012,Platinum,Active,01-Jul-2020,01-Jul-2021,201203921321812552270
270,XIANEX MARKETING,Single Proprietorship,15-May-2007,Platinum,Active,26-Mar-2020,28-Mar-2021,20070513691467063714
271,"PHARMASSIST TRADING, INC.",Corporation,22-Jan-2016,Platinum,Active,30-Mar-2020,30-Mar-2021,201601159481996720294
272,CNE CONSTRUCTION,Single Proprietorship,14-Nov-2006,Platinum,Active,26-Mar-2020,03-Apr-2021,200611116911241822130
273,"CONSYSTENT SOLUTIONS, INC.",Corporation,29-Jul-2013,Platinum,Active,31-Mar-2020,07-Apr-2021,201307778961185044378
274,SENSING TECHNOLOGY CORPORATION,Corporation,05-Jul-2007,Platinum,Active,06-May-2020,06-May-2021,200707148891832910623
275,BUKIDNON BREEZE SEAFOOD RESTAURANT AND EVENTS VENUE,Single Proprietorship,25-Oct-2016,Platinum,Active,30-Mar-2020,30-Mar-2021,2016101904061568772119
276,ROMIL'S STORE,Single Proprietorship,29-Mar-2016,Platinum,Active,26-Mar-2020,26-Mar-2021,20160316645138656529
277,HRJB GENERAL MERCHANDISING,Single Proprietorship,14-Jan-2016,Platinum,Active,25-Mar-2020,25-Mar-2021,2016011585911129784438
278,ARPILLEDA SURVEYING SERVICES,Single Proprietorship,17-May-2011,Platinum,Active,30-Mar-2020,30-Mar-2021,201105411081583798795
279,FIVE E PLASTIC MANUFACTURING INCORPORATED,Corporation,28-Aug-2013,Platinum,Active,13-May-2020,20-May-2021,201308800561794777605
280,BREDDAS INC.,Corporation,20-Aug-2015,Platinum,Active,01-Apr-2020,01-Apr-2021,2015081458821055014216
281,AGRIMACH CG CORPORATION,Corporation,09-Feb-2009,Platinum,Active,30-Mar-2020,20-May-2021,200902246201503349144
282,CK CONSTRUCTION,Single Proprietorship,17-Feb-2020,Platinum,Active,13-Jul-2020,13-Jul-2021,202002211017724771327
283,NAZARETH GARDEN SUPPLIES AND SERVICES,Single Proprietorship,14-Dec-2015,Platinum,Active,30-Mar-2020,30-Mar-2021,201512156718369716611
284,TRESTON CONSTRUCTION,Single Proprietorship,24-Mar-2020,Platinum,Active,30-Mar-2020,30-Mar-2021,2020032150431178925613
285,ALVI MARKETING,Single Proprietorship,15-Jul-2005,Platinum,Active,30-Mar-2020,04-Apr-2021,2005077820182918715
286,BCB CONSTRUCTION AND SUPPLY,Single Proprietorship,06-Nov-2018,Platinum,Active,04-May-2020,04-May-2021,201811699451615833455
287,GREEN ECO-SOLUTIONS & RESOURCES INC.,Corporation,26-Jan-2012,Platinum,Active,02-Apr-2020,02-Apr-2021,20120147568849094790
288,PCINERGY CONSULTING AND DEVELOPMENT CORPORATION,Corporation,02-Nov-2016,Platinum,Active,30-Mar-2020,30-Mar-2021,201611191162738928593
289,IMAGINIMAGE CORPORATION,Corporation,24-Jun-2004,Platinum,Active,26-Mar-2020,26-Mar-2021,20040642821259877877
290,UNICA IHA TRADING,Single Proprietorship,01-Oct-2009,Platinum,Active,29-Apr-2020,29-Apr-2021,20091028806747810898
291,R.C.R. EGG DEALER & BALUT INDUSTRY,Single Proprietorship,21-Mar-2018,Platinum,Active,29-Apr-2020,29-Apr-2021,2018031079601007584217
292,DANTON CONSTRUCTION AND ENTERPRISES,Single Proprietorship,08-Dec-2017,Platinum,Active,26-Mar-2020,26-Mar-2021,201712124492211120807
293,LEZAR TRADING,Single Proprietorship,28-Feb-2012,Platinum,Active,30-Mar-2020,01-Apr-2021,20120249407155709305
294,DIOCITAS HOTEL,Single Proprietorship,06-Sep-2013,Platinum,Active,30-Mar-2020,22-Apr-2021,20130981269316625156
295,"LUCERO HDA PARTS, INC.",Corporation,13-Feb-2015,Platinum,Active,26-Mar-2020,27-Mar-2021,201502126827481184045
296,GAIL CONSTRUCTION AND SUPPLY,Single Proprietorship,28-Oct-2009,Platinum,Active,30-Mar-2020,15-May-2021,200910292701684283021
297,J.E. SARMENTA CONSTRUCTION,Single Proprietorship,13-Apr-2018,Platinum,Active,30-Mar-2020,25-Apr-2021,201804104624687553919
298,ISABELA BAGS AND GENERAL MERCHANDISE,Single Proprietorship,03-Feb-2014,Platinum,Active,27-Apr-2020,27-Apr-2021,201402926761326981421
299,DAL-B ENTERPRISES,Single Proprietorship,04-Sep-2007,Platinum,Active,25-Jun-2020,25-Jun-2021,200709162471214765216
300,REBER ENTERPRISES AND CONSTRUCTION,Single Proprietorship,01-Feb-2016,Platinum,Active,06-Apr-2020,06-Apr-2021,201602160502298259799
301,3B & R ENGINEERING & ELECTRICAL SUPPLY SERVICES,Single Proprietorship,27-Aug-2009,Platinum,Active,01-Apr-2020,01-Apr-2021,20090828354453785237
302,DL BONITA MERCHANDISING,Single Proprietorship,09-Jan-2018,Platinum,Active,01-Apr-2020,01-Apr-2021,2018011208487721396
303,PHL413 AGRI TRADING,Single Proprietorship,14-Nov-2019,Platinum,Active,08-Apr-2020,08-Apr-2021,2019119906781115363
304,JLRM TRADING,Single Proprietorship,13-Mar-2019,Platinum,Active,01-Apr-2020,01-Apr-2021,201903505852145959361
305,MIXMUCH GENERAL MERCHANDISE,Single Proprietorship,03-Oct-2018,Platinum,Active,07-Apr-2020,07-Apr-2021,20181074807287489909
306,MICRO-ASIA BUILDERS CORPORATION,Corporation,28-Jun-2007,Platinum,Active,19-May-2020,19-May-2021,200706147201604992482
307,"CAFE SECURITY AGENCY, INC.",Corporation,24-May-2006,Platinum,Active,02-Apr-2020,06-May-2021,200605102222137887444
308,"ABC FURNITURE LINES, INC.",Corporation,19-May-2017,Platinum,Active,03-Jul-2020,03-Jul-2021,2017051617421407470910
309,ROCHE LUMBER & CONSTRUCTION SUPPLY,Single Proprietorship,26-Apr-2005,Platinum,Active,08-Apr-2020,08-Apr-2021,2005047196659593387
310,PILIPINAS SHELL PETROLEUM CORPORATION,Corporation,15-Feb-2007,Platinum,Active,10-Jun-2020,10-Jun-2021,200702956101351773632
311,ARTHIT CORPORATION,Corporation,10-Mar-2016,Platinum,Active,30-Mar-2020,24-Apr-2021,2016031648631714850582
312,DON K ENTERPRISES,Single Proprietorship,16-Nov-2015,Platinum,Active,22-Apr-2020,22-Apr-2021,201511154294737146909
313,R. G. ROSARIO BUILDERS & DESIGN CONCEPTS,Single Proprietorship,17-Dec-2018,Platinum,Active,01-Apr-2020,01-Apr-2021,201812626181511513165
314,"ZEMOG K-9 TRAINING CENTER, INC.",Corporation,23-Apr-2002,Platinum,Active,30-Mar-2020,11-Apr-2021,2002046771413386531
315,DANIELA MERZ RICE MILL RICE & PALAY TRADER,Single Proprietorship,24-Sep-2014,Platinum,Active,30-Mar-2020,30-Mar-2021,2014091148761727863340
316,SURREY SATELLITE TECHNOLOGY LIMITED,Foreign Company Organization,30-Jan-2018,Platinum,Active,30-Apr-2020,30-Apr-2021,201801117415262589878
317,ALEXIA CATERING SERVICES,Single Proprietorship,28-Aug-2017,Platinum,Active,04-May-2020,04-May-2021,201708143885168725108
318,VICTORY 77 VENTURES,Single Proprietorship,09-Feb-2012,Platinum,Active,31-Mar-2020,23-May-2021,201202483511558990334
319,DARMAE ENTERPRISES,Single Proprietorship,02-Sep-2004,Platinum,Active,31-Mar-2020,23-May-2021,20040950471161726791
320,OCM STEEL CORPORATION,Corporation,29-Jan-2007,Platinum,Active,01-Jul-2020,01-Jul-2021,200701123511528089098
321,"MAVERICK BUILDERS, INCORPORATED",Corporation,28-Jun-2006,Platinum,Active,12-May-2020,12-May-2021,20060610481855492241
322,SQJR TRADING,Single Proprietorship,21-Jul-2011,Platinum,Active,06-Apr-2020,06-Apr-2021,201107426371396943176
323,OTING CONSTRUCTION AND SUPPLY,Single Proprietorship,17-Mar-2008,Platinum,Active,01-Apr-2020,01-Apr-2021,20080319528589668291
324,DQT CONSTRUCTION AND ENTERPRISES,Single Proprietorship,17-Sep-2010,Platinum,Active,01-Apr-2020,29-Apr-2021,201009358871391877054
325,PRIME POWER ENERGIE SYSTEM INC.,Corporation,24-May-2012,Platinum,Active,15-Apr-2020,15-Apr-2021,201205723491990691825
326,AMC HOME DECOR & INTERIOR FURNISHING,Single Proprietorship,14-Mar-2008,Platinum,Active,01-Apr-2020,01-Apr-2021,200803195141494431256
327,KRJ CONSTRUCTION,Single Proprietorship,24-Nov-2015,Platinum,Active,01-Apr-2020,03-Apr-2021,2015111548951262812226
328,SAS GENERAL CONTRACTORS,Single Proprietorship,06-Dec-2006,Platinum,Active,01-Apr-2020,19-Apr-2021,20061211945231087778
329,MMJS PHARMACY AND MEDICAL SUPPLIES,Single Proprietorship,10-Oct-2008,Platinum,Active,01-Apr-2020,06-Apr-2021,20081022832633931140
330,ELIJENRAE BUILDERS AND CONSTRUCTION SUPPLY,Single Proprietorship,01-Apr-2009,Platinum,Active,06-Apr-2020,10-Apr-2021,200904258481048441860
331,GIBMA ENGINEERING SERVICES,Single Proprietorship,23-Jul-2006,Platinum,Active,01-Jun-2020,01-Jun-2021,200607106501681505551
332,M.C. PAZ ENTERPRISES,Single Proprietorship,17-Sep-2014,Platinum,Active,31-Mar-2020,31-Mar-2021,201409114155662725468
333,AG CHUNGALAN CONSTRUCTION,Single Proprietorship,20-Jan-2017,Platinum,Active,16-Apr-2020,16-Apr-2021,2017011847101394038183
334,ARCKIT BUILDERS AND SUPPLY,Single Proprietorship,15-May-2017,Platinum,Active,31-Mar-2020,02-Apr-2021,2017051626651397489632
335,BC EDUCATORS TRADING,Single Proprietorship,01-Apr-2008,Platinum,Active,27-Apr-2020,27-Apr-2021,200804197551470641636
336,"MCKLEENE PREMIUM PRODUCTS, INC.",Corporation,09-Jun-2006,Platinum,Active,01-Apr-2020,15-Apr-2021,20060610342653893321
337,JAMS LUBE-RICATION TECH. & MARKETING CO.,Partnership,29-Jul-2005,Platinum,Active,02-Apr-2020,02-Apr-2021,20050779201391719153
338,FUDIEN GENERAL MERCHANDISE,Single Proprietorship,01-Oct-2012,Platinum,Active,31-Mar-2020,19-Apr-2021,201210597591670442168
339,R.M. PADILLO BUILDERS,Single Proprietorship,11-Sep-2006,Platinum,Active,01-Apr-2020,13-Apr-2021,20060911078665712489
340,MADECS PHARMA CORPORATION,Corporation,08-May-2007,Platinum,Active,15-Apr-2020,21-Apr-2021,200705136311829800371
341,PRINCE VALIANT INT'L CORP.,Corporation,14-Oct-2002,Platinum,Active,15-Apr-2020,30-Apr-2021,2002101256161585753238
342,PAGADIAN MANHATTAN ENTERPRISES ZDS CO. LTD.,Partnership,18-May-2015,Platinum,Active,01-Apr-2020,05-Apr-2021,201505135737716792450
343,M.P. BANTASAN CONSTRUCTION AND ALLIED SERVICES,Single Proprietorship,13-May-2005,Platinum,Active,06-Apr-2020,06-Apr-2021,20050573341468900765
344,JN'J PHARMA & MEDICAL SUPPLIES,Single Proprietorship,27-Apr-2018,Platinum,Active,01-Apr-2020,01-Apr-2021,2018041020491619184052
345,ROTE ENGINEERING ENTERPRISES,Single Proprietorship,24-Jul-2017,Platinum,Active,02-Apr-2020,02-Apr-2021,201707149722643235111
346,SHAN PHARMACEUTICAL DEALER AND DRUGSTORE,Single Proprietorship,20-Feb-2009,Platinum,Active,02-Apr-2020,29-Apr-2021,20090224954398224145
347,FRAYNN GENERAL MERCHANDISE,Single Proprietorship,11-Jan-2018,Platinum,Active,01-Apr-2020,01-Apr-2021,201801120557934329361
348,"CJF BATTERY DEPOT, INC.",Corporation,24-Feb-2020,Platinum,Active,20-May-2020,20-May-2021,202002211743153977980
349,"C.J. FERNANDEZ ENTERPRISES, INC.",Corporation,31-Mar-2005,Platinum,Active,20-May-2020,20-May-2021,20050369832118656012
350,4MD JSL CONSTRUCTION INC.,Corporation,18-Oct-2017,Platinum,Active,16-Apr-2020,29-Apr-2021,20171013339293300788
351,PHARMAGEM MARKETING,Single Proprietorship,12-Feb-2004,Platinum,Active,02-Apr-2020,02-Apr-2021,20040227471969739405
352,CEBU CHAMPION HARDWARE AND ELECTRICAL DEPOT INC.,Corporation,11-Jun-2004,Platinum,Active,02-Apr-2020,02-Apr-2021,2004064192133155570
353,FARMERS BISIG MARKETING,Single Proprietorship,13-Sep-2016,Platinum,Active,02-Apr-2020,02-Apr-2021,2016091848521941868598
354,ELPOS CONST. & SUPPLY,Single Proprietorship,10-Oct-2016,Platinum,Active,20-May-2020,20-May-2021,2016101882411212057665
355,CTAN CONSTRUCTION,Single Proprietorship,21-Apr-2004,Platinum,Active,20-May-2020,20-May-2021,2004043806622849584
356,JOWICH CONSTRUCTION & MARKETING,Single Proprietorship,21-Feb-2017,Platinum,Active,01-Apr-2020,11-Apr-2021,2017021783431251662751
357,MINDANAO CONSTRUCTION SERVICES & LAND DEVELOPMENTCORPORATION,Corporation,15-Sep-2009,Platinum,Active,01-Apr-2020,12-Apr-2021,2009091061161652744921
358,AGRIBIOSCIENCE INCORPORATED,Corporation,03-Mar-2014,Platinum,Active,02-Apr-2020,02-Apr-2021,20140395519770147850
359,MOGARH TRADING,Single Proprietorship,30-Aug-2006,Platinum,Active,02-Apr-2020,02-Apr-2021,2006081097597173564
360,"WESTPOINT PHARMA, INC.",Corporation,18-Oct-2017,Platinum,Active,07-Apr-2020,07-Apr-2021,2017101328081330520532
361,"COLOR1 DIGITAL, INC.",Corporation,09-Oct-2014,Platinum,Active,06-Apr-2020,06-Apr-2021,2014101233601414295596
362,CDM MARKETING CENTER,Single Proprietorship,21-Feb-2011,Platinum,Active,06-Apr-2020,06-Apr-2021,20110238786910238109
363,"SMDI CONSULTANTS, INC.",Corporation,16-Jul-2015,Platinum,Active,01-Jun-2020,01-Jun-2021,2015071423481849129336
364,RHEGE CONSTRUCTION SUPPLY AND SERVICES,Single Proprietorship,25-Jun-2013,Platinum,Active,13-Apr-2020,13-Apr-2021,20130674983572399575
365,N.J. CHIPE CONSTRUCTION SERVICES,Single Proprietorship,29-Jan-2019,Platinum,Active,11-May-2020,11-May-2021,201901577801412560835
366,C & G REFRIGERATION AND AIRCONDITIONING SERVICE CENTER,Single Proprietorship,03-Oct-2008,Platinum,Active,06-Apr-2020,06-Apr-2021,200810226962010153658
367,DHADA PRINTSHOPPE AND MARKETING/ CHRISALYN P. MARASIGAN,Single Proprietorship,20-Feb-2018,Platinum,Active,07-Apr-2020,07-Apr-2021,2018021141721164109997
368,SIMON AGRIVENTURES CORPORATION,Corporation,26-Jan-2018,Platinum,Active,06-Apr-2020,06-Apr-2021,2018011177411500615605
369,TORYPINE CONSTRUCTION CORPORATION,Corporation,07-Mar-2013,Platinum,Active,06-Apr-2020,06-Apr-2021,201303676771932121426
370,SHAN DAU ENTERPRISE,Single Proprietorship,15-Jun-2009,Platinum,Active,08-Apr-2020,10-Apr-2021,20090627134558366017
371,SHMIC GENERAL MERCHANDISE,Single Proprietorship,10-Oct-2017,Platinum,Active,08-Apr-2020,30-May-2021,201710134586288579755
372,A.I.P. CONSTRUCTION,Single Proprietorship,08-Oct-2007,Platinum,Active,22-Apr-2020,30-Apr-2021,200710168681747342184
373,"STRONGHOLD BUSY OPTION, INC.",Corporation,03-Feb-2011,Platinum,Active,20-Apr-2020,20-Apr-2021,20110238278861302285
374,FPI ENTERPRISES,Single Proprietorship,08-Jul-2008,Platinum,Active,02-Jul-2020,02-Jul-2021,200807214121570028418
375,GREAT WALL BUILDERS,Single Proprietorship,06-Mar-2013,Platinum,Active,02-Apr-2020,02-Apr-2021,20130367546932602257
376,LEGIT ENTERTAINMENT & MEDIA COMPANY INC.,Corporation,31-Mar-2011,Platinum,Active,02-Apr-2020,02-Apr-2021,201103401291871946839
377,ESR CONSTRUCTION & DEVELOPMENT CORPORATION,Corporation,03-Mar-2015,Platinum,Active,06-Apr-2020,16-Apr-2021,2015031284612016647300
378,AMB HK ENTERPRISES INC.,Corporation,21-Jun-2011,Platinum,Active,06-Apr-2020,06-Apr-2021,20110631811922511015
379,4ASLAWRENCE TAILORING SHOP,Single Proprietorship,27-Feb-2019,Platinum,Active,07-Aug-2020,07-Aug-2021,201902531381791287832
380,AFQ TRADING,Single Proprietorship,11-Jan-2011,Platinum,Active,13-Apr-2020,13-Apr-2021,201101375631506836612
381,C JANSEN CONSTRUCTION AND GENERAL MERCHANDISE,Single Proprietorship,04-Nov-2018,Platinum,Active,08-Apr-2020,16-Apr-2021,201811701841608306369
382,I BUILT ENTERPRISES,Single Proprietorship,30-Jul-2014,Platinum,Active,07-Apr-2020,07-Apr-2021,201407109469517963903
383,144 CUBITS BUILDERS AND SUPPLY,Single Proprietorship,22-Feb-2018,Platinum,Active,08-Apr-2020,08-Apr-2021,2018021136701072136102
384,CHRISMAR CONSTRUCTION SERVICES,Single Proprietorship,23-Mar-2020,Platinum,Active,04-May-2020,04-May-2021,2020032150041137105766
385,MDST PHARMA,Single Proprietorship,16-Jun-2010,Platinum,Active,08-Apr-2020,11-May-2021,20100634114741295019
386,SMV ENTERPRISES,Single Proprietorship,15-Jul-2016,Platinum,Active,06-Apr-2020,29-Apr-2021,201607177303337640899
387,GNE CONSTRUCTION,Single Proprietorship,19-Mar-2007,Platinum,Active,06-Apr-2020,06-Apr-2021,200703131921490435514
388,EASTERN CONSTRUCTION AND SUPPLY,Single Proprietorship,31-May-2018,Platinum,Active,08-Apr-2020,08-Apr-2021,201805966851796758035
389,DIAMOND DRILLING CORPORATION OF THE PHILIPPINES,Corporation,23-Apr-2014,Platinum,Active,03-Jun-2020,03-Jun-2021,2014041001871138057152
390,"VICARISH PUBLICATION & TRADING, INC",Corporation,18-Apr-2005,Platinum,Active,06-Apr-2020,12-Apr-2021,2005047133593964660
391,RALB CONSTRUCTION,Single Proprietorship,03-Mar-2010,Platinum,Active,07-Apr-2020,13-Apr-2021,201003324971100704287
392,TRUE TEMP CORPORATION,Corporation,06-Sep-2003,Platinum,Active,14-Apr-2020,25-Apr-2021,20030918271930427775
393,GNE ENTERPRISES & HAULING SERVICES,Single Proprietorship,07-Mar-2008,Platinum,Active,06-Apr-2020,06-Apr-2021,20080319325906451343
394,STA ANA RAYCON CORP,Corporation,01-Feb-2017,Platinum,Active,07-Apr-2020,29-Apr-2021,2017021824611022715053
395,JVS ENTERPRISES,Single Proprietorship,17-Dec-2016,Platinum,Active,16-Apr-2020,16-Apr-2021,2016121888831433401038
396,MIGHTY MITES PEST CONTROL SERVICES,Single Proprietorship,02-Mar-2004,Platinum,Active,13-Apr-2020,13-Apr-2021,2004033217451333919
397,RIGHTAGRI DEVELOPMENT INCORPORATED,Corporation,29-Jan-2015,Platinum,Active,06-Apr-2020,12-Apr-2021,201501125188452871837
398,ABRAHAMBM CONSTRUCTION,Single Proprietorship,25-Apr-2016,Platinum,Active,06-Apr-2020,02-May-2021,201604169425635165857
399,LEGACY CONSTRUCTION CORPORATION,Corporation,20-Apr-2017,Platinum,Active,23-Apr-2020,29-Apr-2021,2017041665541662744569
400,"ILOILO FABRICATION SPECIALIST, INC.",Corporation,02-Oct-2003,Platinum,Active,08-Apr-2020,24-Apr-2021,2003101897874292675
401,NSDL E-GOVERNANCE INFRASTRUCTURE LIMITED,Foreign Company Organization,27-Mar-2019,Platinum,Active,30-Apr-2020,30-Apr-2021,20190348505634388976
402,CEIC DATA COMPANY LTD.,Foreign Company Organization,06-Jan-2016,Platinum,Active,21-May-2020,21-May-2021,2016011578072017177854
403,D-SHAN PHARMA & TRADE CENTER,Single Proprietorship,01-Jun-2011,Platinum,Active,07-Apr-2020,18-Apr-2021,20110641452676360652
404,"BIOMEDICA HEALTH CARE, INC.",Corporation,30-Jul-2002,Platinum,Active,07-Apr-2020,07-Apr-2021,200207181570497289346
405,NEY GENERAL MERCHANDISE,Single Proprietorship,29-Mar-2016,Platinum,Active,08-Apr-2020,08-Apr-2021,201603166501502162907
406,CALIRAYA RESORT CLUB INC.,Corporation,13-May-2008,Platinum,Active,15-Apr-2020,11-May-2021,20080520445571276221
407,PERFECT CLEAN GENERAL SERVICES,Single Proprietorship,06-Oct-2004,Platinum,Active,08-Apr-2020,22-Apr-2021,2004105324139156517
408,COTOGRANDE CORP.,Corporation,02-Feb-2016,Platinum,Active,07-Apr-2020,24-Apr-2021,201602160655671941035
409,SICARIO BUILDERS,Single Proprietorship,27-Mar-2019,Platinum,Active,07-Apr-2020,29-Apr-2021,201903483421554583657
410,JONATHAN M. GADDI CONSTRUCTION,Single Proprietorship,20-May-2010,Platinum,Active,08-Apr-2020,08-Apr-2021,20100533685191003022
411,"GREEN APPLE TECHNOLOGIES & SYSTEMS, INC.",Corporation,13-Jun-2016,Platinum,Active,07-Apr-2020,07-Apr-2021,2016061739471236887062
412,JIJOMER CONSTRUCTION,Single Proprietorship,24-Aug-2009,Platinum,Active,08-Apr-2020,15-Apr-2021,20090828305525290676
413,CEVIC CONCTRUCTION AND DEVELOPMENT CORPORATION,Corporation,20-Jun-2007,Platinum,Active,08-Apr-2020,29-Apr-2021,20070614439801914872
414,RITE-TECH MARKETING,Single Proprietorship,02-May-2007,Platinum,Active,06-Apr-2020,18-Apr-2021,200705135601589200012
415,CENTER FOR ENVIRONMENTAL LAW AND POLICY ADVOCACYINCORPORATED (CELPA INC.),Corporation,05-Mar-2015,Platinum,Active,13-Apr-2020,13-Apr-2021,201503128792582257197
416,WYNN CONSTRUCTION,Single Proprietorship,23-Aug-2007,Platinum,Active,13-Apr-2020,19-Apr-2021,20070816022532166227
417,AGT ENTERPRISES AND CONSTRUCTION SUPPLIES,Single Proprietorship,17-Sep-2017,Platinum,Active,06-Apr-2020,06-Apr-2021,201709139204573803759
418,PHILCOPY CORPORATION,Corporation,22-Jun-2001,Platinum,Active,11-May-2020,11-May-2021,200106831440533222
419,CBUSH CONSTRUCTION,Single Proprietorship,13-Oct-2014,Platinum,Active,08-Apr-2020,08-Apr-2021,2014101167811688134067
420,"MACAGANG BUSINESS CENTER (MBC), INC.",Corporation,28-Aug-2009,Platinum,Active,14-Apr-2020,14-Apr-2021,200908283681612085769
421,TRADE VENTURE INTERNATIONAL CORPORATION,Corporation,03-Apr-2002,Platinum,Active,18-May-2020,18-May-2021,2002046161927349439
422,JAN VENICE ENTERPRISES,Single Proprietorship,21-Sep-2015,Platinum,Active,08-Apr-2020,11-Apr-2021,2015091489571003148967
423,UNI-ULTRA BUILDERS AND SUPPLY,Single Proprietorship,23-Nov-2015,Platinum,Active,27-Apr-2020,02-May-2021,201511154618471498688
424,GREAT WALL ENGINEERING,Single Proprietorship,21-Feb-2011,Platinum,Active,08-Apr-2020,13-Apr-2021,201102387901028503458
425,ATARASHII TECHNOLOGIES INTERNATIONAL,Single Proprietorship,05-Nov-2013,Platinum,Active,13-Apr-2020,31-May-2021,201311863421222278243
426,ABAYCER CONSTRUCTION SUPPLIES AND GENERAL MDSE.,Single Proprietorship,19-Sep-2008,Platinum,Active,08-Apr-2020,08-Apr-2021,200809225041740758391
427,SRRN TRADING,Single Proprietorship,26-Feb-2008,Platinum,Active,08-Apr-2020,08-Apr-2021,200802190771333112404
428,SOD CONSTRUCTION AND DEVELOPMENT,Single Proprietorship,05-Aug-2018,Platinum,Active,08-Apr-2020,08-Apr-2021,201808856751992061598
429,"CENTER POINT SALES & TRADING, INC.",Corporation,09-Jan-2001,Platinum,Active,04-May-2020,04-May-2021,2001011554774822
430,SIR LUIS TRADING,Single Proprietorship,24-Nov-2016,Platinum,Active,08-Apr-2020,06-May-2021,201611192231709225424
431,KTRON GAS STATION,Single Proprietorship,28-Jan-2016,Platinum,Active,08-Apr-2020,08-Apr-2021,201601160054141139730
432,GAUDENCIO KASILAG CATTLE TRADING,Single Proprietorship,25-Oct-2006,Platinum,Active,29-Apr-2020,29-Apr-2021,200610115081070903806
433,BNK PHARMA,Single Proprietorship,23-Feb-2010,Platinum,Active,07-Apr-2020,07-Apr-2021,201002323221244654899
434,TIN-TIN CATERING SERVICES,Single Proprietorship,01-May-2014,Platinum,Active,15-Apr-2020,01-May-2021,2014051009091269435121
435,BNR CONSTRUCTION AND DEVELOPMENT CORPORATION,Corporation,07-Jun-2007,Platinum,Active,07-Apr-2020,29-Apr-2021,20070614154918922863
436,RAREGEM'S TRADING,Single Proprietorship,14-Jul-2014,Platinum,Active,07-Apr-2020,07-Apr-2021,2014071079981513493167
437,515 LIFE CONSTRUCTION CORPORATION,Corporation,03-May-2016,Platinum,Active,07-Apr-2020,17-Apr-2021,201605170169429170323
438,JEMAR CATERING SERVICES,Single Proprietorship,18-Jan-2016,Platinum,Active,08-Apr-2020,08-Apr-2021,201601158779130189386
439,JE HYDRO & BIO-ENERGY CORP.,Corporation,28-May-2013,Platinum,Active,07-Apr-2020,07-Apr-2021,20130572856433880339
440,"MICHAEL M. LAPITAN CONSTRUCTION SERVICES AND TRADING, OPC",Corporation,17-Mar-2020,Platinum,Active,13-Apr-2020,13-Apr-2021,2020032147241276709670
441,JJ PALACIO CONSTRUCTION,Single Proprietorship,11-Dec-2018,Platinum,Active,13-Apr-2020,13-Apr-2021,2018126332093786083
442,OPTICON ENTERPRISES,Single Proprietorship,24-Jun-2009,Platinum,Active,27-Apr-2020,27-Apr-2021,200906273182077110361
443,ANEMONE CATERING SERVICES,Single Proprietorship,29-Nov-2018,Platinum,Active,27-Apr-2020,27-Apr-2021,201811650961078202684
444,SOMBRIO GENERAL MERCHANDISE,Single Proprietorship,24-Nov-2017,Platinum,Active,14-Apr-2020,16-Apr-2021,2017111267181588828668
445,YOLACH'S VENUE,Single Proprietorship,11-Jun-2015,Platinum,Active,14-Apr-2020,19-May-2021,201506138525875180004
446,MORTAR MASTERS AND CONCRETE BUILDERS,Single Proprietorship,03-Apr-2018,Platinum,Active,14-Apr-2020,16-May-2021,201804106453263302695
447,INFINITE POWERTECH SCIENTIFIC EQUIPMENT SALES,Single Proprietorship,10-Nov-2009,Platinum,Active,14-Apr-2020,14-Apr-2021,200911295381630280913
448,DVK PHILIPPINES ENTERPRISES,Single Proprietorship,03-Dec-2003,Platinum,Active,14-Apr-2020,20-Apr-2021,2003122114826763722
449,A & D MARKETING,Single Proprietorship,22-Apr-2008,Platinum,Active,15-Apr-2020,17-Apr-2021,20080420111227365110
450,DSSD FAMILY REALTY DEVELOPMENT CORPORATION,Corporation,09-Mar-2016,Platinum,Active,15-Apr-2020,15-Apr-2021,201603164624665234021
451,PERMEX PRODUCER & EXPORTER CORPORATION,Corporation,19-Jul-2013,Platinum,Active,14-Apr-2020,14-Apr-2021,201307771901055407669
452,YFL BUILDERS,Single Proprietorship,09-Jan-2017,Platinum,Active,13-Apr-2020,24-Apr-2021,2017011871651507186692
453,CM STAR CORPORATION,Corporation,03-Mar-2004,Platinum,Active,13-Apr-2020,13-Apr-2021,200403632081084301070
454,EMR ENTERPRISES,Single Proprietorship,26-Apr-2017,Platinum,Active,13-Apr-2020,08-May-2021,2017041657401823735046
455,WATER DRAGON CONSTRUCTION,Single Proprietorship,06-Mar-2018,Platinum,Active,13-Apr-2020,13-Apr-2021,2018031110181297427192
456,NEHCON PHARMACY,Single Proprietorship,03-Aug-2018,Platinum,Active,08-Apr-2020,08-Apr-2021,20180885920484893546
457,R.C SIMON CONSTRUCTION,Single Proprietorship,28-Jan-2010,Platinum,Active,08-Apr-2020,08-Apr-2021,20100131630300159504
458,R AND A DENTAL SUPPLY CENTER CO.,Partnership,17-Jul-2018,Platinum,Active,14-Apr-2020,07-May-2021,201807891901876111884
459,VINCARE PHARMA,Single Proprietorship,12-Dec-2005,Platinum,Active,14-Apr-2020,14-Apr-2021,20051289921778861901
460,BETTER WORK CONSTRUCTION,Single Proprietorship,07-Aug-2006,Platinum,Active,22-Apr-2020,22-Apr-2021,200608107862047989001
461,LADY OF ASSUMPTION ENTERPRISES,Single Proprietorship,12-Oct-2005,Platinum,Active,13-Apr-2020,13-Apr-2021,20051085451660681889
462,JP THREE MED AND GENERAL MERCHANDISE,Single Proprietorship,21-Mar-2018,Platinum,Active,15-Apr-2020,15-Apr-2021,201803107719352934081
463,DASHCAM NORTH EOFB ENTERPRISES,Single Proprietorship,09-Jan-2019,Platinum,Active,20-Apr-2020,20-Apr-2021,201901607091383010048
464,"CEBU ERNBRI IMPORT, INC.",Corporation,18-Aug-2005,Platinum,Active,20-Apr-2020,09-May-2021,20050880661424966711
465,CHEDMARYL CONST & SUPPLIES,Single Proprietorship,02-Oct-2002,Platinum,Active,16-Apr-2020,10-May-2021,20021010911603862378
466,ROYMED PHARMACEUTICAL,Single Proprietorship,12-Jan-2005,Platinum,Active,13-Apr-2020,29-Apr-2021,2005016024853561895
467,THE REGIONAL EXAMINER,Single Proprietorship,27-Dec-2006,Platinum,Active,18-May-2020,18-May-2021,200612120441717686456
468,JAYKRIS ENTERPRISES & CONSTRUCTION,Single Proprietorship,20-Feb-2006,Platinum,Active,13-Apr-2020,13-Apr-2021,2006029480231040785
469,PAS BUILDERS,Single Proprietorship,20-Sep-2016,Platinum,Active,13-Apr-2020,13-Apr-2021,201609185715127600135
470,APOL-J BUILDING,Single Proprietorship,02-May-2014,Platinum,Active,13-Apr-2020,13-Apr-2021,2014051010231791463104
471,RMRA PRINTING ENTERPRISES,Single Proprietorship,06-Jul-2010,Platinum,Active,13-Apr-2020,13-Apr-2021,201007344581336909326
472,JAUCULAN NURSERY,Single Proprietorship,28-Apr-2014,Platinum,Active,14-Apr-2020,10-May-2021,201404100564484806350
473,G.M. MASSAGAN CONSTRUCTION,Single Proprietorship,17-Mar-2020,Platinum,Active,19-May-2020,19-May-2021,202003214558924191070
474,ANSAR CONSTRUCTION SERVICES,Single Proprietorship,08-Dec-2016,Platinum,Active,14-Apr-2020,14-Apr-2021,2016121904351701001691
475,"CORPORAL WORKS OF MERCY FOUNDATION, INC.",Corporation,28-Feb-2019,Platinum,Active,22-Apr-2020,22-Apr-2021,20190252687379476381
476,JLO'S CATERING SERVICES,Single Proprietorship,16-Feb-2015,Platinum,Active,11-May-2020,11-May-2021,201502126965694499382
477,DANRIO ENTERPRISE,Single Proprietorship,26-Mar-2015,Platinum,Active,18-May-2020,18-May-2021,201503131477424222233
478,ERCYN ENTERPRISES,Single Proprietorship,01-Apr-2018,Platinum,Active,14-Apr-2020,18-Apr-2021,2018041071061239505528
479,ELMAX PHARMACEUTICAL PRODUCT DISTRIBUTION,Single Proprietorship,07-Apr-2020,Platinum,Active,16-Apr-2020,16-Apr-2021,2020042153061055913112
480,AMB ENTERPRISES,Single Proprietorship,20-Aug-2015,Platinum,Active,14-Apr-2020,16-May-2021,201508145884850699889
481,GOLDEN POWER MILLS ENTERPRISES,Single Proprietorship,05-Mar-2019,Platinum,Active,14-Apr-2020,14-Apr-2021,20190352108385480563
482,CN MEDICAL DISTRIBUTOR,Single Proprietorship,03-Dec-2008,Platinum,Active,16-Apr-2020,24-Apr-2021,200812237201619614954
483,BVGV TRADING AND GENERAL MERCHANDISE,Single Proprietorship,20-Mar-2018,Platinum,Active,15-Apr-2020,30-Apr-2021,201803108647286112593
484,SANWIN CORPORATION,Corporation,29-Aug-2006,Platinum,Active,18-Jun-2020,18-Jun-2021,20060810939473153769
485,DAVAO TOPCHING AUTO PARTS CO.,Partnership,02-Mar-2017,Platinum,Active,20-Jul-2020,20-Jul-2021,2017031757941978897368
486,RUJEMA ENTERPRISES,Single Proprietorship,09-Jul-2014,Platinum,Active,15-Apr-2020,15-Apr-2021,201407107636232713978
487,E.I. MARKETING,Single Proprietorship,20-Jul-2010,Platinum,Active,15-Apr-2020,15-Apr-2021,20100734693343356557
488,CELJEM CONSTRUCTION AND DEVELOPMENT CORPORATION,Corporation,14-Nov-2014,Platinum,Active,20-Apr-2020,20-Apr-2021,2014111198281863924756
489,MIDDLE ENTERPRISES,Single Proprietorship,08-Jun-2016,Platinum,Active,14-Apr-2020,08-May-2021,201606173584438200829
490,"MULTI-FOLD LINKS, INC.",Corporation,27-Jul-2001,Platinum,Active,14-Apr-2020,14-Apr-2021,20010743580449802226
491,D.GRAPHICS AND GENERAL MERCHANDISE,Single Proprietorship,20-Oct-2016,Platinum,Active,06-May-2020,06-May-2021,2016101897621896895411
492,"ASIAGATE NETWORKS, INC.",Corporation,11-Sep-2006,Platinum,Active,29-Apr-2020,29-Apr-2021,20060911088892507738
493,ACES MARINE & LINKS INDUSTRIAL CORPORATION,Corporation,26-May-2008,Platinum,Active,20-Apr-2020,26-Apr-2021,200805206781039065628
494,FLS ENTERPRISE,Single Proprietorship,23-Oct-2009,Platinum,Active,14-Apr-2020,25-Apr-2021,20091029190524079618
495,ILLUMINOUSWHITE HEALTH AND PHARMA CORPORATION,Corporation,09-Jan-2017,Platinum,Active,17-Jul-2020,17-Jul-2021,201701187243107603220
496,NLB ENTERPRISES,Single Proprietorship,11-Jan-2012,Platinum,Active,07-May-2020,07-May-2021,201201467881584989944
497,AKLAN UNITED SALES,Single Proprietorship,03-Aug-2012,Platinum,Active,15-Apr-2020,15-Apr-2021,201208570101726013701
498,KVK GENERAL MERCHANDISE,Single Proprietorship,01-Apr-2014,Platinum,Active,14-Apr-2020,29-Apr-2021,20140498317270572650
499,"ANWELH HOLDINGS, INC.",Corporation,19-Aug-2004,Platinum,Active,14-Apr-2020,24-Apr-2021,2004084919623634916
500,GORO MARKETING,Single Proprietorship,11-Dec-2013,Platinum,Active,15-Apr-2020,08-May-2021,20131289270986561445
501,WTG ENTERPRISE,Single Proprietorship,27-Apr-2012,Platinum,Active,20-Apr-2020,29-Apr-2021,201204522721952190659
502,CARLSON CONSTRUCTION AND SUPPLY,Single Proprietorship,20-Apr-2016,Platinum,Active,21-Apr-2020,14-May-2021,201604168971946014791
503,PRIFFYRD SUPPLIES,Single Proprietorship,19-Jul-2018,Platinum,Active,20-Apr-2020,03-May-2021,201807886121064648887
504,LAGUNA WELL DRILLING & CONSTRUCTION CORP.,Corporation,12-Aug-2010,Platinum,Active,20-Apr-2020,20-Apr-2021,201008351951765128036
505,A SALES STORE,Single Proprietorship,10-Jun-2014,Platinum,Active,15-Apr-2020,15-Apr-2021,201406104695709100376
506,"TELCOM LIVE CONTENT, INC.",Corporation,17-Mar-2016,Platinum,Active,22-Apr-2020,22-Apr-2021,2016031657801883253958
507,GAYMAR'S CONSTRUCTION SUPPLY,Single Proprietorship,09-Sep-2010,Platinum,Active,20-Apr-2020,20-Apr-2021,20100935800201398060
508,AT BUILDERS AND GENERAL MERCHANDISE,Single Proprietorship,22-Mar-2014,Platinum,Active,15-Apr-2020,15-Apr-2021,20140397632362919112
509,"MODERNTECH COMPUTER SYSTEMS, INC",Corporation,13-Oct-2014,Platinum,Active,14-Apr-2020,15-Apr-2021,2014101168291902217638
510,LEEAN MEDICAL AND SURGICAL SUPPLY,Single Proprietorship,02-Mar-2005,Platinum,Active,16-Jul-2020,16-Jul-2021,200503672649994336
511,GOLDEN HAT CAFE & AND RESTOBAR CORPORATION,Corporation,21-Feb-2017,Platinum,Active,15-Apr-2020,03-Jun-2021,2017021788751180180527
512,STARSHIELD SECURITY AGENCY INC,Corporation,09-Feb-2012,Platinum,Active,15-Apr-2020,15-Apr-2021,201202483231541375759
513,ROMSON TRIPLE J BUILDERS & DEVELOPMENT CORP.,Corporation,15-Mar-2019,Platinum,Active,16-Apr-2020,16-Apr-2021,20190350211572946561
514,"MYSTIC WATER PHILIPPINES, INC.",Corporation,26-Aug-2008,Platinum,Active,11-May-2020,11-May-2021,20080822107419516191
515,APL GENERAL ENGINEERING SERVICES AND CONSTRUCTION,Single Proprietorship,07-Apr-2020,Platinum,Active,15-Apr-2020,15-Apr-2021,2020042153151772226082
516,R AND L BUILDERS AND CONSTRUCTION SUPPLY CORP.,Corporation,17-Mar-2020,Platinum,Active,15-Apr-2020,15-Apr-2021,2020032147411930529953
517,ENG SAN ENTERPRISES,Single Proprietorship,30-Mar-2009,Platinum,Active,20-Apr-2020,20-Apr-2021,200903257941290510902
518,ROXSAN CONSTRUCTION & SUPPLY,Single Proprietorship,23-Jan-2004,Platinum,Active,16-Apr-2020,16-Apr-2021,20040123932025472101
519,FIL GENERATORS AND SERVICES COMPANY,Partnership,11-Jun-2009,Platinum,Active,04-May-2020,08-May-2021,200906271061570553044
520,GALAXY GAS STATION,Single Proprietorship,02-Apr-2018,Platinum,Active,16-Apr-2020,29-Apr-2021,201804106724213234262
521,SAFEWAY PHARMA,Single Proprietorship,24-Sep-2013,Platinum,Active,16-Apr-2020,17-Apr-2021,20130983004968995481
522,CHAMPION COMMERCIAL,Single Proprietorship,12-Dec-2005,Platinum,Active,16-Apr-2020,17-Apr-2021,20051289881716449165
523,CMCS BUILDERS,Single Proprietorship,25-Mar-2015,Platinum,Active,26-May-2020,10-Jun-2021,2015031312651274242273
524,MALEX AUTO SUPPLY,Single Proprietorship,05-Mar-2014,Platinum,Active,27-Apr-2020,27-Apr-2021,20140395692148492345
525,A & G MINI MART,Single Proprietorship,18-Jul-2019,Platinum,Active,20-Apr-2020,20-Apr-2021,201907319961448545033
526,"CYLIX TECHNOLOGIES, INC.",Corporation,14-Mar-2008,Platinum,Active,20-Apr-2020,04-Jun-2021,20080319510771964076
527,ZENITH SHELL SHOP & SERVICE STATION,Single Proprietorship,02-Dec-2015,Platinum,Active,03-Jun-2020,03-Jun-2021,201512155694275082435
528,MPJR BUILDERS COMPANY,Partnership,07-Aug-2003,Platinum,Active,29-Apr-2020,29-Apr-2021,2003081758492617356
529,"WIFICITY, INC.",Corporation,27-Feb-2012,Platinum,Active,01-Jun-2020,01-Jun-2021,201202493261492446803
530,O.G. HOLDINGS CORPORATION,Corporation,31-Jan-2012,Platinum,Active,16-Apr-2020,16-Apr-2021,20120147780747754660
531,KILPATRICKS CORPORATION,Corporation,26-Feb-2020,Platinum,Active,16-Apr-2020,16-Apr-2021,2020022118941461960576
532,BENJAMIN ONG JR. CONSTRUCTION,Single Proprietorship,19-Oct-2006,Platinum,Active,16-Apr-2020,08-May-2021,20061011449922127931
533,CANDIJAY HARDWARE,Single Proprietorship,11-May-2009,Platinum,Active,21-Apr-2020,21-Apr-2021,20090526504980638899
534,"CHARIFER BUILDERS,INC",Corporation,18-Oct-2012,Platinum,Active,16-Apr-2020,09-May-2021,201210607882038352478
535,JRESS CONSTRUCTION &AMP; DEVELOPMENT CORPORATION,Corporation,02-May-2012,Platinum,Active,16-Apr-2020,16-Apr-2021,201205523581221209499
536,J.F. ESTAPIA CONSTRUCTION,Single Proprietorship,18-Mar-2016,Platinum,Active,20-Apr-2020,13-Jun-2021,2016031659941492453666
537,EAST LANE CORPORATION,Corporation,13-Mar-2002,Platinum,Active,16-Apr-2020,16-Apr-2021,200203542466207241
538,TSR FURNITURE SHOP AND MARKETING,Single Proprietorship,19-Sep-2007,Platinum,Active,20-Apr-2020,06-May-2021,20070916529625743541
539,UK PHARMACEUTICAL DISTRIBUTORS,Single Proprietorship,16-Dec-2016,Platinum,Active,20-Apr-2020,20-Apr-2021,2016121889932143876032
540,"ESPERANZA CONSTRUCTION AND SUPPLY, PARTNERS CO.",Partnership,31-Jul-2017,Platinum,Active,29-Apr-2020,29-Apr-2021,201707148297139325235
541,STA ROSA FARM PRODUCTS CORPORATION,Corporation,07-Mar-2012,Platinum,Active,20-Apr-2020,22-Apr-2021,20120349896513778486
542,MAMAWAG CONSTRUCTION,Single Proprietorship,08-Feb-2005,Platinum,Active,20-Apr-2020,31-May-2021,2005026428463857890
543,GONZALODO ENTERPRISES,Single Proprietorship,18-May-2004,Platinum,Active,23-Apr-2020,02-May-2021,20040539721603889106
544,PARAMED PHARMACEUTICALS INC.,Corporation,18-Aug-2004,Platinum,Active,20-Apr-2020,20-Apr-2021,20040849132017072991
545,MUELLA TRADING,Single Proprietorship,04-Mar-2014,Platinum,Active,21-May-2020,21-May-2021,201403955801196946279
546,PURE FORCE AND RESCUE CORP.,Corporation,22-Nov-2014,Platinum,Active,20-Apr-2020,22-Apr-2021,2014111206401024010873
547,MJS BUILDERS AND CONSTRUCTION SUPPLIES,Single Proprietorship,27-Feb-2019,Platinum,Active,20-Apr-2020,20-Apr-2021,20190253003694707829
548,MV-JING ENTERPRISES,Single Proprietorship,28-Aug-2013,Platinum,Active,20-Apr-2020,20-Apr-2021,201308801031703406871
549,GYJ CONSTRUCTION,Single Proprietorship,06-Dec-2013,Platinum,Active,20-Apr-2020,30-Apr-2021,201312890561048417908
550,S.O.S SCHOOL AND OFFICE EQUIPMENT AND SUPPLIES,Single Proprietorship,19-Sep-2016,Platinum,Active,20-Apr-2020,20-Apr-2021,20160918555057224121
551,MRRM TRADING & CONSTRUCTION,Single Proprietorship,07-Feb-2007,Platinum,Active,20-Apr-2020,23-Apr-2021,2007021253584605678
552,JIO ENTERPRISES,Single Proprietorship,10-Mar-2009,Platinum,Active,20-Apr-2020,25-Apr-2021,20090325310639276243
553,"MT. ZION SCIENTIFIC, INC.",Corporation,02-Dec-2002,Platinum,Active,27-Apr-2020,27-Apr-2021,20021212581883339272
554,"FISHER RETAIL, INC.",Corporation,04-Dec-2018,Platinum,Active,27-Apr-2020,27-Apr-2021,201812644601537325250
555,M.C. TAGUBA CONSTRUCTION,Single Proprietorship,16-Mar-2015,Platinum,Active,11-May-2020,11-May-2021,201503130159447649716
556,QUADRO NINE CONSTRUCTION AND SUPPLY CORPORATION,Corporation,25-Sep-2019,Platinum,Active,20-Apr-2020,20-Apr-2021,201909192881171333087
557,TS CONSTRUCTION,Single Proprietorship,04-Jul-2016,Platinum,Active,16-Apr-2020,16-Apr-2021,201607175982900525065
558,"HICARO PACIFIC HOTELS, INC. (SIKATUNA BEACH HOTEL)",Corporation,03-Nov-2010,Platinum,Active,20-Apr-2020,20-Apr-2021,201011366981397949217
559,PETRINA CONSTRUCTION & GENERAL MERCHANDISING,Single Proprietorship,11-Feb-2005,Platinum,Active,23-Apr-2020,14-May-2021,20050265052048058412
560,"OLONGAPO MAINTENANCE SERVICES, INC.",Corporation,06-May-2003,Platinum,Active,06-May-2020,18-May-2021,2003051613144932129
561,JUNIELS FARM & AGRIVET SUPPLIES,Single Proprietorship,09-Mar-2015,Platinum,Active,20-Apr-2020,18-Jun-2021,2015031292291960643050
562,PETERMANN GEN. MERCHANDISE,Single Proprietorship,22-Aug-2016,Platinum,Active,11-May-2020,11-May-2021,2016081823531679267462
563,OSCAR R. SARMIENTO CONSTRUCTION INC.,Corporation,28-May-2010,Platinum,Active,27-Apr-2020,16-May-2021,20100575274359396110
564,"KASANYANGAN RURAL DEVELOPMENT FOUNDATION, INC.",Corporation,03-Aug-2012,Platinum,Active,21-Apr-2020,30-Apr-2021,201208570241489495812
565,DANIMERH CONSTRUCTION AND SUPPLY,Single Proprietorship,20-Feb-2004,Platinum,Active,04-May-2020,18-May-2021,20040229981760601744
566,PURERICE MILLING AND PROCESSING CORP.,Corporation,23-May-2014,Platinum,Active,20-Apr-2020,22-Apr-2021,2014051028401873452963
567,VITA CARE HEALTH PRODUCTS,Single Proprietorship,26-Jan-2016,Platinum,Active,04-May-2020,04-May-2021,201601159822349318907
568,EKYAT ENTERPRISES,Single Proprietorship,29-Aug-2018,Platinum,Active,27-Apr-2020,27-Apr-2021,20180881358409623432
569,ROCKCON BUILDERS AND CONSTRUCTION SUPPLY,Single Proprietorship,31-Jan-2013,Platinum,Active,20-Apr-2020,24-Apr-2021,201301651651764387437
570,G. GALPO CONSTRUCTION,Single Proprietorship,05-Feb-2020,Platinum,Active,20-Apr-2020,20-Apr-2021,2020022096291231003484
571,KHALIF GENERAL MERCHANDISE,Single Proprietorship,28-Oct-2014,Platinum,Active,20-Apr-2020,20-Apr-2021,2014101182681513066642
572,VERA CAP TRADING,Single Proprietorship,28-Jan-2005,Platinum,Active,15-Jun-2020,15-Jun-2021,20050162631235268899
573,PHOENIX LARRREL AGRIVENTURES,Single Proprietorship,03-Jan-2014,Platinum,Active,21-Apr-2020,21-Apr-2021,201401902001589771995
574,SB PRINTS AND GRAPHICS (GENERAL MERCHANDISE),Single Proprietorship,27-Oct-2015,Platinum,Active,21-Apr-2020,24-Apr-2021,2015101526331395279934
575,POLIRAN BUILDERS CORPORATION,Corporation,23-Jul-2012,Platinum,Active,21-Apr-2020,17-May-2021,20120756293943106015
576,KEMIST PHARMA INC.,Corporation,27-Jul-2012,Platinum,Active,27-Apr-2020,13-May-2021,201207566351293921
577,ESPERANZA TRAVELLERS INN,Single Proprietorship,25-Nov-2016,Platinum,Active,29-Apr-2020,29-Apr-2021,2016111920321013094233
578,ESPERANZA COMMERCIAL,Single Proprietorship,15-Aug-2013,Platinum,Active,29-Apr-2020,29-Apr-2021,20130879575300998639
579,"BCR AND CO., INC.",Corporation,25-May-2015,Platinum,Active,20-Apr-2020,20-Apr-2021,201505136752313340833
580,MRS BUILDERS AND SUPPLY,Single Proprietorship,16-Apr-2015,Platinum,Active,23-Apr-2020,23-Apr-2021,2015041331121161777658
581,"INTEGRATED COMPUTER SYSTEMS, INC.",Corporation,14-Dec-2000,Platinum,Active,23-Apr-2020,23-Apr-2021,2000128339521755
582,"ORO SINAI PHARMA AND GENERAL MERCHANDISE, INC.",Corporation,18-Aug-2016,Platinum,Active,05-May-2020,05-May-2021,201608182015719720257
583,RYME TRADING,Single Proprietorship,26-Jan-2018,Platinum,Active,27-Apr-2020,27-Apr-2021,2018011179711882622217
584,SAFI SHIPYARD INC,Corporation,19-Nov-2016,Platinum,Active,21-Apr-2020,21-Apr-2021,2016111926531176554173
585,KIMRICH KIM GENERAL MERCHANDISE,Single Proprietorship,14-Nov-2007,Platinum,Active,22-Apr-2020,22-Apr-2021,20071117506713692730
586,FGT ELECTRONICS CENTER & RADIO COMM. SUPPLY,Single Proprietorship,29-Jan-2004,Platinum,Active,22-Apr-2020,24-May-2021,20040125081157402894
587,4R'S EATERY,Single Proprietorship,16-Aug-2018,Platinum,Active,21-Apr-2020,21-Apr-2021,20180883266473994066
588,JENNY'S ACY TRADING & GENERAL MDSE.,Single Proprietorship,29-Jan-2004,Platinum,Active,22-Apr-2020,25-May-2021,2004012511948735227
589,"KALAYAAN ENGINEERING COMPANY, INC.",Corporation,29-Aug-2006,Platinum,Active,21-Apr-2020,21-Apr-2021,20060810944251265577
590,MOUNTAIN WELDS AND DESIGNS METAL FABWORKS,Single Proprietorship,15-Apr-2015,Platinum,Active,22-Apr-2020,22-Apr-2021,201504133000931275464
591,3K PHARMA DISTRIBUTOR,Single Proprietorship,11-Feb-2005,Platinum,Active,29-Apr-2020,29-Apr-2021,2005026492810616181
592,DBL PENZNPAPERZ STORE,Single Proprietorship,09-May-2019,Platinum,Active,27-Apr-2020,27-Apr-2021,201905432861137451223
593,18TH OF JULY CATERING SERVICES,Single Proprietorship,10-Nov-2011,Platinum,Active,23-Apr-2020,26-Apr-2021,2011114532367725856
594,YULEX ELECTRICAL & CONSTRUCTION SUPPLY,Single Proprietorship,07-Dec-2015,Platinum,Active,30-Apr-2020,30-Apr-2021,201512156166251164384
595,BLUE BOX TRADING,Single Proprietorship,04-Mar-2010,Platinum,Active,23-Apr-2020,26-Apr-2021,201003325511681380706
596,INTELINEA GENERAL MERCHANDISE,Single Proprietorship,12-Apr-2016,Platinum,Active,01-May-2020,01-May-2021,20160416843639605271
597,JAN ALEXIS BUILDERS & DEVELOPER & SUPPLY,Single Proprietorship,13-Feb-2013,Platinum,Active,20-Apr-2020,20-Apr-2021,20130265998169811297
598,FLAMECON MARKETING,Single Proprietorship,03-Apr-2018,Platinum,Active,27-Apr-2020,23-May-2021,201804106624289470786
599,"INDOPLAS PHILS., INC.",Corporation,03-Oct-2003,Platinum,Active,23-Apr-2020,23-Apr-2021,20031019012094030827
600,ADVANCES REFRIGERATION AND AIRCONDITION SPECIALIST,Single Proprietorship,19-Dec-2013,Platinum,Active,22-Apr-2020,22-Apr-2021,201312897312014119513
601,JMD-68 BUILDERS,Single Proprietorship,13-Sep-2013,Platinum,Active,22-Apr-2020,07-May-2021,201309820601359223582
602,GOLDEN DAUGHTER ENTERPRISES,Single Proprietorship,09-May-2005,Platinum,Active,06-May-2020,06-May-2021,20050572831742910892
603,REYGON CONSTRUCTION,Single Proprietorship,15-Jul-2016,Platinum,Active,26-May-2020,26-May-2021,2016071773661480597002
604,DUMMY ACCOUNT PLATINUM 3,Foreign Company Organization,10-Dec-2019,Platinum,Active,21-Apr-2020,21-Apr-2021,20191258191036309654
605,CHICO TERRACE RESTO AND INN,Single Proprietorship,05-Mar-2015,Platinum,Active,22-Apr-2020,22-Apr-2021,20150312873150744482
606,TWINCIRCA MARKETING,Single Proprietorship,11-Nov-2008,Platinum,Active,22-Apr-2020,22-Apr-2021,20081123406587419791
607,PI MEDICAL SUPPLY,Single Proprietorship,16-Apr-2008,Platinum,Active,22-Apr-2020,22-Apr-2021,20080419984223614262
608,GRACERON CONSTRUCTION,Single Proprietorship,16-Jan-2012,Platinum,Active,23-Apr-2020,23-Apr-2021,20120146932191225949
609,OLT VENTURES,Single Proprietorship,04-Mar-2004,Platinum,Active,22-Apr-2020,22-Apr-2021,20040332901356184311
610,"STAR SPECIAL CORPORATE SECURITY MANAGEMENT, INC.",Corporation,09-Oct-2002,Platinum,Active,22-Apr-2020,22-Apr-2021,2002101118205118779
611,SAIKO INTERNATIONAL TRADING CORPORATION,Corporation,05-Feb-2002,Platinum,Active,23-Apr-2020,23-Apr-2021,2002024111942756535
612,VARIANCE TRADING CORPORATION,Corporation,25-Aug-2004,Platinum,Active,23-Apr-2020,12-May-2021,20040849632107390096
613,PAMAN PLANT NURSERY,Single Proprietorship,30-Oct-2014,Platinum,Active,22-Apr-2020,07-May-2021,201410118377191655775
614,DAVAO HOME BUILDERS CENTER,Single Proprietorship,13-Feb-2014,Platinum,Active,21-Apr-2020,21-Apr-2021,20140293455556123008
615,NEW SEAMMED INC.,Corporation,11-Nov-2019,Platinum,Active,22-Apr-2020,22-Apr-2021,20191110779928722477
616,"ILOILO NEW AGRI-INDUSTRIAL MKTG. AND GENERAL SERVICES, INC.",Corporation,21-Mar-2007,Platinum,Active,22-Apr-2020,06-May-2021,20070313203476595953
617,MALEX OFFICE SUPPLY & EQUIPMENT,Single Proprietorship,16-Feb-2015,Platinum,Active,27-Apr-2020,27-Apr-2021,201502126963662797583
618,JOERG BUILDERS,Single Proprietorship,01-Mar-2011,Platinum,Active,27-Apr-2020,27-Apr-2021,20110339047115989157
619,RB ROADMARKING TRADING INC,Corporation,04-Apr-2016,Platinum,Active,23-Apr-2020,10-May-2021,201604167548841539440
620,COLEEN-MC COMMERCIAL DRUG STORE,Single Proprietorship,10-Oct-2008,Platinum,Active,27-Apr-2020,27-Apr-2021,200810228381953544216
621,EXACT CONSTRUCTION,Single Proprietorship,20-Feb-2004,Platinum,Active,23-Apr-2020,13-May-2021,2004023012167627718
622,VENN MARK CORPORATION,Corporation,28-Apr-2002,Platinum,Active,07-May-2020,07-May-2021,2002046991056808075
623,B.F.T. CONSTRUCTION,Single Proprietorship,13-Jun-2007,Platinum,Active,27-Apr-2020,29-Apr-2021,2007061422156893158
624,GUILLERMO REAL ESTATE DEVELOPMENT CORPORATION,Corporation,13-Oct-2005,Platinum,Active,29-Apr-2020,18-May-2021,2005108574952288433
625,IP BIOTECH INC.,Corporation,19-Jul-2010,Platinum,Active,23-Apr-2020,23-Apr-2021,201007346401156209566
626,FOUR A'S FOODS & CATERING SERVICES INC.,Corporation,12-Nov-2010,Platinum,Active,23-Apr-2020,24-Apr-2021,20101136873220789201
627,BIOMAXX RESOURCES INC.,Corporation,13-Oct-2005,Platinum,Active,01-Jun-2020,01-Jun-2021,200510165191417772270
628,DARGO DESIGN COMPONENT BUILDERS CORPORATION,Corporation,15-Feb-2002,Platinum,Active,15-Jun-2020,15-Jun-2021,2002024631474848299
629,GENTROMECH CO.,Partnership,19-Feb-2014,Platinum,Active,23-Apr-2020,27-Apr-2021,201402941901394848258
630,QUICKSILVER CONSTRUCTION SERVICES,Single Proprietorship,02-Dec-2008,Platinum,Active,23-Apr-2020,30-Apr-2021,20081223696141799827
631,INNOVALITE INC.,Corporation,16-Jun-2014,Platinum,Active,19-May-2020,19-May-2021,2014061051441735248237
632,RENCOR REFRIGERATION EQUIPMENT CORPORATION,Corporation,14-Nov-2011,Platinum,Active,09-Jun-2020,09-Jun-2021,20111145386395466472
633,DUMMY ACCOUNT PLATINUM 4,Single Proprietorship,18-Mar-2013,Platinum,Active,22-Apr-2020,22-Apr-2021,20130368447787717527
634,CABAL AUTO SUPPLY AND REPAIR SHOP,Single Proprietorship,11-Mar-2014,Platinum,Active,06-May-2020,06-May-2021,201403963461109634347
635,ADROW CREATIVES INC.,Corporation,18-Aug-2015,Platinum,Active,23-Apr-2020,23-Apr-2021,2015081454541315064380
636,MARIA FRANCES CATERING SERVICES,Single Proprietorship,06-Nov-2014,Platinum,Active,23-Apr-2020,23-Apr-2021,20141111891557024142
637,JAYYAM ENTERPRISES,Single Proprietorship,21-May-2007,Platinum,Active,23-Apr-2020,28-Apr-2021,20070513744230518703
638,Q AND Z RICE TRADING,Single Proprietorship,02-Jul-2019,Platinum,Active,22-Apr-2020,22-Apr-2021,20190735402614820807
639,"SOLID BUSINESS MACHINES CENTER, INC.",Corporation,29-Jun-2001,Platinum,Active,27-Apr-2020,27-Apr-2021,2001061876791770043718
640,"METRO DRUG, INC.",Corporation,05-Oct-2001,Platinum,Active,27-Apr-2020,10-May-2021,200110269362001745039
641,G.F. FABIAN CONSTRUCTION,Single Proprietorship,02-Jun-2015,Platinum,Active,27-Apr-2020,27-Apr-2021,2015061375251625888654
642,PHOTO CITY,Single Proprietorship,08-Oct-2013,Platinum,Active,20-May-2020,20-May-2021,20131084260529649922
643,JULIAN AND CHRISTIAN CATERING SERVICES,Single Proprietorship,29-May-2013,Platinum,Active,27-Apr-2020,27-Apr-2021,201305729482115717640
644,NBL TRADING,Single Proprietorship,01-Jun-2004,Platinum,Active,28-Apr-2020,28-Apr-2021,2004064083981700240
645,DS CATINGUB BROS. CORPORATION ( TACLOBAN BRANCH),Corporation,29-Mar-2019,Platinum,Active,27-Apr-2020,27-Apr-2021,201903481501586668893
646,INTERPHARMA HOLDINGS & MANAGEMENT CORPORATION,Corporation,23-Apr-2014,Platinum,Active,27-Apr-2020,07-May-2021,201404130635327543046
647,HHK CONSTRUCTION,Single Proprietorship,29-Mar-2019,Platinum,Active,23-Apr-2020,23-May-2021,20190348043808606913
648,"SECURITY AND FORENSIC ENTERPRISES, INC",Corporation,09-Mar-2009,Platinum,Active,23-Apr-2020,24-Apr-2021,20090325282580926581
649,TERRASA VENTURES INC,Partnership,06-Mar-2012,Platinum,Active,05-May-2020,05-May-2021,201203497341972220244
650,J. TIU SARI-SARI STORE,Single Proprietorship,25-Feb-2014,Platinum,Active,28-Apr-2020,28-Apr-2021,20140294936170121827
651,JAC-B CONSTRUCTION AND GENERAL MERCHANDISE INC.,Corporation,20-Apr-2017,Platinum,Active,23-Apr-2020,23-Apr-2021,2017041666791665425230
652,EASTERN TELECOMMUNICATION PHILIPPINES INC.,Corporation,02-Feb-2004,Platinum,Active,27-Apr-2020,27-Apr-2021,2004022047721538588608
653,V FIVE MARKETING,Single Proprietorship,21-Nov-2017,Platinum,Active,27-Apr-2020,27-Apr-2021,201711127681712952520
654,"VETSPEAK, INC.",Corporation,12-Mar-2015,Platinum,Active,14-May-2020,14-May-2021,201503133886308797691
655,IPSECA PHARMACEUTICAL INC.,Corporation,10-Jun-2019,Platinum,Active,23-Apr-2020,23-Apr-2021,20190639132799710800
656,ZEUS RESOURCES INC.,Corporation,22-Apr-2010,Platinum,Active,27-Apr-2020,27-Apr-2021,201004333511937926799
657,AMURAO TECHNOLOGIES INC.,Corporation,13-Feb-2013,Platinum,Active,23-Apr-2020,23-Apr-2021,20130266029706081726
658,PHARMALLY PHARMACEUTICAL CORPORATION,Corporation,06-Feb-2020,Platinum,Active,02-Jul-2020,02-Jul-2021,2020022098561022951402
659,"ILOILO SUPERMART, INC.",Corporation,08-Dec-2017,Platinum,Active,27-Apr-2020,27-Apr-2021,2017121254091371798794
660,SOUTHERN LEYTE BALITA,Single Proprietorship,23-Sep-2014,Platinum,Active,06-May-2020,06-May-2021,2014091146611226180537
661,DUTERTE ENTERPRISES,Single Proprietorship,10-Mar-2011,Platinum,Active,27-Apr-2020,27-Apr-2021,20110339347636219489
662,"ELECTRONIC INFORMATION SOLUTIONS, INC.",Corporation,16-May-2001,Platinum,Active,27-May-2020,27-May-2021,200105249281025270224
663,LEONICO ENTERPRISES,Single Proprietorship,10-Aug-2018,Platinum,Active,15-Jun-2020,15-Jun-2021,20180884506743334335
664,BELLFLOWER BLVD ENTERPRISE,Single Proprietorship,22-Sep-2016,Platinum,Active,27-Apr-2020,27-Apr-2021,20160918606643777813
665,JRJ PHARMA-MED GALLERY & GENERAL MERCHANDISE,Single Proprietorship,19-Feb-2016,Platinum,Active,27-Apr-2020,27-Apr-2021,2016021627101766116835
666,BONNE BUSINESS CORPORATION DOING BUSINESS UNDER THE NAME ANDSTYLE OF N-HOTEL,Corporation,09-May-2012,Platinum,Active,27-Apr-2020,15-May-2021,20120552629690249148
667,LEO-J CONSTRUCTION SERVICES,Single Proprietorship,16-Jan-2007,Platinum,Active,27-Apr-2020,27-Apr-2021,200701122071535084102
668,"PACIFIC OFFICE SOLUTIONS, INC.",Corporation,18-Mar-2013,Platinum,Active,28-Apr-2020,08-Jun-2021,201303590011297577036
669,MALYKA INTERNATIONAL TRADING CORP.,Corporation,06-Aug-2014,Platinum,Active,27-Apr-2020,09-May-2021,2014081101391567683243
670,FRANDEL CONSTRUCTION AND DEVELOPMENT CORP.,Corporation,28-Aug-2013,Platinum,Active,27-Apr-2020,27-Apr-2021,20130879986378215285
671,IDEMIA IDENTITY & SECURITY FRANCE,Foreign Company Organization,28-Nov-2017,Platinum,Active,26-May-2020,26-May-2021,2017111263031023809026
672,MELROBE BUILDERS CONSTRUCTION & SUPPLIES,Single Proprietorship,19-Jun-2007,Platinum,Active,30-Apr-2020,30-Apr-2021,200706144281876109800
673,"BIOTRIUNE, INC.",Corporation,03-Nov-2009,Platinum,Active,28-Apr-2020,28-Apr-2021,20091129358956039962
674,XDR CONSTRUCTION AND SUPPLY,Single Proprietorship,22-Apr-2019,Platinum,Active,29-Apr-2020,29-Apr-2021,201904454441209360623
675,PRIME CONSTRUCTION SUPPLY EQUIPMENT RENTAL AND TRADING INC,Corporation,11-Jun-2019,Platinum,Active,26-May-2020,26-May-2021,20190638831201033210
676,GENACE PHARMA DISTRIBUTOR,Single Proprietorship,27-Apr-2006,Platinum,Active,29-Apr-2020,29-Apr-2021,200604100711507724109
677,"COSMO MEDICAL, INC.,",Corporation,03-Aug-2001,Platinum,Active,29-Apr-2020,07-May-2021,2001081261793085894
678,RSB GENERAL MERCHANDISE,Single Proprietorship,20-Aug-2018,Platinum,Active,29-Apr-2020,29-Apr-2021,20180883031682875280
679,"Q-SOLUTIONS AUDIO AND LIGHTING, INC.",Corporation,19-Mar-2015,Platinum,Active,27-Apr-2020,27-Apr-2021,2015031305911604715318
680,ARTHIT AGRO SUPPLY AND MACHINERIES CORPORATION,Corporation,25-Jun-2012,Platinum,Active,28-Apr-2020,18-May-2021,201206548751334809393
681,ARTHIT OFFICE SUPPLIES AND EQUIPMENTS,Single Proprietorship,25-Jun-2012,Platinum,Active,29-Apr-2020,13-May-2021,201206548771280626388
682,ALKAMIN H2O REFILLING STATION,Single Proprietorship,09-May-2019,Platinum,Active,30-Jun-2020,30-Jun-2021,201905432121019169385
683,"SOLUTIONS PARTNER, INC.",Corporation,09-Feb-2004,Platinum,Active,13-May-2020,18-May-2021,2004022666316324127
684,AERODIRECT ENTERPRISE CORP,Corporation,01-Mar-2016,Platinum,Active,05-May-2020,05-May-2021,2016031636231681377267
685,AL-REM KONSTRUCT INC.,Corporation,28-Aug-2017,Platinum,Active,26-May-2020,26-May-2021,201708143883521744507
686,RIANELLA PRINTING PRESS,Single Proprietorship,24-Oct-2013,Platinum,Active,29-Apr-2020,29-Apr-2021,20131085717854222413
687,SHOEPPLIER INC.,Corporation,15-Apr-2020,Platinum,Active,25-Jun-2020,25-Jun-2021,2020042155172046485849
688,LSM PHARMA AND MEDICAL SUPPLY,Single Proprietorship,29-Dec-2004,Platinum,Active,28-Apr-2020,30-Apr-2021,2004125939188310448
689,KLC BUILDERS,Single Proprietorship,23-Aug-2012,Platinum,Active,07-May-2020,07-May-2021,20120857809929113518
690,EFLER CONSTRUCTION AND ENTERPRISE,Single Proprietorship,24-Apr-2017,Platinum,Active,04-May-2020,20-May-2021,2017041662521178210105
691,FOCAL MOTION TRADING,Single Proprietorship,02-Jan-2007,Platinum,Active,29-Apr-2020,29-Apr-2021,200701120801651537941
692,JKLE ENTERPRISES,Single Proprietorship,10-Jun-2016,Platinum,Active,27-Apr-2020,02-May-2021,2016061737001419952382
693,FRAMECON BUILDERS,Single Proprietorship,24-Sep-2007,Platinum,Active,27-Apr-2020,27-Apr-2021,200709165991981630918
694,D.B. RAVELO CONSTRUCTION & SUPPLY,Single Proprietorship,01-Aug-2014,Platinum,Active,27-Apr-2020,09-May-2021,2014081097001793068815
695,"TERA SYSTEM, INC.",Corporation,30-Jan-2003,Platinum,Active,06-May-2020,06-May-2021,20030113971586350250
696,ABZKO CONSTRUCTION CORPORATION,Corporation,12-Jun-2014,Platinum,Active,27-Apr-2020,04-May-2021,2014061210762143741991
697,CHERODYLL COMMERCIAL,Single Proprietorship,16-Aug-2007,Platinum,Active,27-Apr-2020,08-May-2021,200708159111669846175
698,THIKFACE FOOD SERVICES,Single Proprietorship,15-Dec-2014,Platinum,Active,07-May-2020,07-May-2021,201412122525411490912
699,"RIPPLE BUILDERS, TRADING AND CONSTRUCTION SUPPLY",Single Proprietorship,02-Sep-2013,Platinum,Active,27-Apr-2020,30-Apr-2021,201309805551698887107
700,JOMED GENERAL MERCHANDISE,Single Proprietorship,01-Mar-2004,Platinum,Active,27-Apr-2020,27-Apr-2021,20040332071623171404
701,ROGER'S TRADING,Single Proprietorship,07-May-2007,Platinum,Active,28-Apr-2020,02-May-2021,200705136171898942508
702,R & N OFFICE AND SCHOOL SUPPLIES TRADING,Single Proprietorship,26-Mar-2020,Platinum,Active,28-Apr-2020,28-Apr-2021,2020032151051372759532
703,IDA'S GRAPHICS AND ENTERPRISES,Single Proprietorship,25-May-2016,Platinum,Active,30-Apr-2020,30-Apr-2021,2016051719111785415509
704,"HOLISTIC MARKETING SERVICES COMMUNICATION FIRM CORP.,",Corporation,25-Jun-2009,Platinum,Active,05-May-2020,07-May-2021,20090627352533827397
705,CFB MARKETING & GENERAL MERCHANDISE,Single Proprietorship,06-Mar-2006,Platinum,Active,28-Apr-2020,09-May-2021,2006039653741373540
706,DRILL MECHANICS INCORPORATED,Corporation,14-Mar-2005,Platinum,Active,06-Jul-2020,06-Jul-2021,20050368401692437773
707,SUNTRA INTERNATIONAL TRADING CORP.,Corporation,16-Jul-2016,Platinum,Active,30-Apr-2020,25-May-2021,2016071777091110293355
708,CJEP BUILDERS AND ENGINEERING SERVICES,Single Proprietorship,14-Jul-2015,Platinum,Active,27-Apr-2020,17-May-2021,201507142009989606896
709,G. M. TALAVERA CONSTRUCTION AND SUPPLIES,Single Proprietorship,18-Jan-2016,Platinum,Active,27-Apr-2020,08-May-2021,2016011587571805183408
710,MOSTACO MARKETING,Single Proprietorship,16-Jul-2015,Platinum,Active,10-Jul-2020,10-Jul-2021,20150714220587473785
711,SAN BLAS CONSTRUCTION AND SUPPLY,Single Proprietorship,14-Jul-2009,Platinum,Active,18-May-2020,18-May-2021,20090727659860976095
712,KEMANLEE GENERAL MERCHANDISE,Single Proprietorship,01-Feb-2016,Platinum,Active,11-May-2020,11-May-2021,2016021604151629838265
713,EVOLVE CONSTRUCTION & SUPPLIES,Single Proprietorship,18-Mar-2016,Platinum,Active,27-Apr-2020,27-Apr-2021,2016031659181785090508
714,G TRADING AND CONSTRUCTION SUPPLY,Single Proprietorship,09-Jan-2018,Platinum,Active,30-Apr-2020,30-Apr-2021,2018011209491762832512
715,CTERRY ENTERPRISES,Single Proprietorship,16-Oct-2013,Platinum,Active,30-Apr-2020,30-Apr-2021,20131084957261049430
716,FORTUNE GATE CORPORATION,Corporation,24-Jun-2013,Platinum,Active,29-Apr-2020,29-Apr-2021,20130674736810336621
717,ISAJ SEA TRANSPORT CORP,Corporation,08-Jun-2017,Platinum,Active,13-Jul-2020,13-Jul-2021,2017061577821710768993
718,B-KILTEPAN BUILDERS,Single Proprietorship,14-Mar-2020,Platinum,Active,27-Apr-2020,27-Apr-2021,2020032143742077568976
719,SOLEI EVERYDAY CORPORATION,Corporation,04-Sep-2018,Platinum,Active,05-May-2020,10-May-2021,201809800911265408784
